Date,AAL.L,BARC.L,BP.L,HSBA.L,LLOY.L,RBS.L,RDSA.L,RIO.L
2009-07-01,1832.5,268.117004,490.0,509.5,45.445999,394.049988,1555.0,2158.0
2009-07-02,1726.0,266.96200600000003,480.950012,500.299988,43.881001,379.0,1504.0,2035.0
2009-07-03,1713.5,274.35199,479.25,509.0,44.945999,387.850006,1494.0,2026.0
2009-07-06,1628.5,270.425995,466.700012,506.450012,44.014,376.75,1463.0,1885.0
2009-07-07,1627.5,273.428009,467.799988,502.700012,43.948002,373.149994,1457.0,1920.0
2009-07-08,1563.5,265.11499,465.0,493.0,42.423,356.5,1445.0,1895.5
2009-07-09,1651.0,266.039001,465.25,500.0,42.150002,354.600006,1452.0,1967.0
2009-07-10,1654.5,266.039001,461.5,495.0,42.150002,358.700012,1437.0,1901.5
2009-07-13,1699.0,273.798004,471.60000599999995,500.5,42.955002,362.0,1465.0,1922.0
2009-07-14,1748.0,277.12298599999997,473.799988,510.799988,43.813999,369.200012,1469.0,2019.5
2009-07-15,1800.0,289.408997,489.39999400000005,531.0,45.764998999999996,383.399994,1509.0,2104.5
2009-07-16,1759.0,290.795013,491.60000599999995,536.599976,46.577999,381.399994,1523.0,2080.5
2009-07-17,1807.0,289.225006,494.700012,545.0,44.945999,384.0,1536.0,2154.0
2009-07-20,1789.0,289.13198900000003,503.200012,559.0,47.949001,405.0,1551.0,2233.0
2009-07-21,1862.5,285.713989,505.299988,550.0,48.902,398.200012,1565.0,2284.0
2009-07-22,1845.0,276.753998,505.450012,555.700012,48.143002,397.100006,1557.0,2315.0
2009-07-23,1938.0,287.14599599999997,511.14999400000005,573.200012,50.706001,412.25,1579.0,2410.0
2009-07-24,1916.0,290.980011,510.89999400000005,574.5,51.931,420.0,1583.0,2430.0
2009-07-27,1925.5,280.817993,519.0,569.950012,55.487,437.60000599999995,1602.0,2452.5
2009-07-28,1835.5,275.321991,503.0,567.5,54.122002,420.0,1580.0,2338.0
2009-07-29,1823.0,272.505005,504.0,571.599976,55.799999,434.950012,1588.0,2296.0
2009-07-30,1905.5,281.742004,506.200012,596.0,56.519001,447.10000599999995,1600.0,2462.0
2009-07-31,1930.0,279.24798599999997,497.200012,605.75,56.598999,448.450012,1572.0,2489.0
2009-08-03,2023.0,297.95401,511.5,635.900024,56.765999,464.10000599999995,1584.0,2610.0
2009-08-04,1971.0,303.450012,511.299988,629.0,56.112999,462.299988,1590.0,2570.0
2009-08-05,1993.5,310.839996,504.10000599999995,627.200012,62.058997999999995,487.0,1528.0,2523.0
2009-08-06,1951.0,327.006012,499.10000599999995,661.0,69.717003,534.5,1545.0,2495.0
2009-08-07,1938.0,337.166992,509.75,667.0,67.918999,469.89999400000005,1564.0,2421.5
2009-08-10,1898.5,331.20901499999997,515.0,669.0,65.181999,453.10000599999995,1558.5,2343.0
2009-08-11,1855.5,319.846985,512.0,654.900024,60.588001,428.299988,1570.5,2305.0
2009-08-12,1865.0,326.40499900000003,507.299988,653.0,64.475998,451.5,1593.5,2312.0
2009-08-13,1922.0,331.80899,505.700012,669.0,65.582001,472.299988,1588.5,2409.5
2009-08-14,1927.5,331.71701,505.5,650.0,66.253998,461.5,1585.0,2356.0
2009-08-17,1820.5,320.585999,500.60000599999995,638.0,63.257999,448.89999400000005,1577.0,2245.5
2009-08-18,1831.0,320.12399300000004,502.89999400000005,656.0,64.43,461.799988,1573.0,2282.5
2009-08-19,1835.0,318.691986,509.64999400000005,643.0,65.735001,459.299988,1588.0,2311.5
2009-08-20,1915.0,322.295013,517.0,645.799988,67.41999799999999,477.0,1614.5,2334.5
2009-08-21,1984.0,325.15799,527.799988,659.099976,67.639,484.799988,1666.0,2397.5
2009-08-24,2050.0,334.62701400000003,528.450012,664.099976,71.893997,517.5,1677.5,2514.0
2009-08-25,2050.5,334.858002,533.0,671.0,71.80100300000001,533.5,1702.5,2480.5
2009-08-26,2003.0,335.319,527.549988,668.599976,72.226997,566.0,1694.5,2381.5
2009-08-27,1978.0,340.76901200000003,525.700012,663.599976,69.717003,555.5,1692.5,2372.0
2009-08-28,2021.0,351.253998,532.0,672.099976,74.138,576.5,1711.0,2413.5
2009-09-01,1922.0,341.786011,519.5,643.900024,70.58899699999999,555.0,1687.0,2331.0
2009-09-02,1891.0,331.67099,541.650024,640.299988,66.194,530.0,1705.5,2312.0
2009-09-03,1944.0,324.511993,536.450012,644.0,66.387001,548.900024,1684.5,2345.0
2009-09-04,2001.0,324.927002,536.900024,658.299988,67.772003,557.0,1685.0,2415.5
2009-09-07,2007.0,332.085999,540.0,665.0,70.789001,566.5,1703.0,2464.5
2009-09-08,2036.5,328.39099100000004,543.0,654.299988,71.181999,560.5,1725.0,2552.0
2009-09-09,2046.0,338.737,554.049988,661.099976,70.716003,569.0,1757.0,2540.0
2009-09-10,2040.0,339.93798799999996,547.400024,654.299988,70.029999,558.0,1747.0,2545.0
2009-09-11,2055.0,341.97000099999997,543.450012,654.5,69.922997,556.0,1734.0,2618.5
2009-09-14,2066.0,341.786011,543.0,661.0,70.163002,550.0,1739.5,2605.0
2009-09-15,2069.0,340.862,543.5,670.5,69.717003,557.5,1749.5,2648.0
2009-09-16,2124.5,351.02301,547.349976,700.0,72.693001,561.0,1757.5,2723.5
2009-09-17,2125.0,349.406006,556.299988,717.200012,73.032997,564.0,1782.0,2740.0
2009-09-18,2072.0,345.157013,555.0,730.0,73.692001,563.0,1796.0,2738.0
2009-09-21,2050.0,341.786011,557.0,721.599976,71.648003,534.0,1802.0,2644.0
2009-09-22,2060.0,343.07901,561.099976,713.299988,71.71399699999999,534.0,1815.5,2707.5
2009-09-23,2069.5,342.940002,552.799988,711.099976,72.513,524.5,1787.0,2700.0
2009-09-24,2029.0,336.75100699999996,546.299988,703.400024,71.315002,520.0,1793.0,2643.5
2009-09-25,2059.0,329.777008,548.799988,704.200012,68.884003,520.0,1791.0,2630.0
2009-09-28,2072.0,337.166992,559.0,723.299988,69.084,516.0,1826.5,2686.5
2009-09-29,2043.5,341.092987,558.900024,725.799988,69.782997,520.0,1804.5,2670.5
2009-09-30,1993.0,341.786011,553.0,716.0,69.05100300000001,529.5,1804.5,2668.5
2009-10-01,1886.0,335.458008,541.0,698.0,66.07399699999999,505.5,1755.0,2576.0
2009-10-02,1876.5,329.54599,535.299988,686.5,63.091,466.39999400000005,1750.0,2505.5
2009-10-05,1951.0,334.210999,535.200012,689.900024,63.230999,485.60000599999995,1746.0,2564.0
2009-10-06,2100.0,341.647003,550.200012,702.200012,64.25700400000001,498.5,1800.0,2740.5
2009-10-07,2097.5,342.016998,540.599976,706.200012,63.696999,496.5,1777.5,2738.5
2009-10-08,2182.0,347.235992,545.5,712.099976,62.798,489.5,1767.5,2840.5
2009-10-09,2151.5,348.25201400000003,542.5,716.799988,62.591999,483.39999400000005,1797.5,2854.0
2009-10-12,2194.5,344.23400899999996,552.200012,718.0,61.000999,481.0,1839.5,2898.5
2009-10-13,2174.0,332.548004,546.799988,704.099976,59.742001,469.60000599999995,1823.0,2848.0
2009-10-14,2311.0,354.34899900000005,559.0,723.0,61.966,483.299988,1866.5,2998.0
2009-10-15,2216.0,350.931,555.599976,707.900024,60.867001,481.60000599999995,1839.0,2946.0
2009-10-16,2199.5,343.864014,559.099976,694.0,61.993,470.0,1859.0,2915.5
2009-10-19,2304.0,352.916992,574.200012,709.900024,61.259997999999996,469.200012,1903.0,2971.5
2009-10-20,2283.0,336.011993,569.0,694.0,60.827,465.799988,1894.5,2950.5
2009-10-21,2276.0,337.121002,573.0,703.0,60.926998,458.299988,1907.0,2975.0
2009-10-22,2285.0,331.62399300000004,565.0,690.099976,63.125,455.10000599999995,1881.0,2935.0
2009-10-23,2380.0,333.888,565.0,698.599976,64.077003,470.799988,1904.0,3000.5
2009-10-26,2330.0,325.71200600000003,567.099976,686.0,59.488997999999995,444.200012,1900.5,2971.0
2009-10-27,2268.0,313.889008,594.400024,680.5,55.827,408.049988,1933.5,2870.5
2009-10-28,2178.0,294.674988,584.400024,671.400024,53.27,396.0,1911.0,2673.0
2009-10-29,2300.0,304.835999,586.5,681.099976,57.264998999999996,433.700012,1856.0,2786.0
2009-10-30,2215.0,297.446014,572.299988,673.700012,57.951,419.89999400000005,1807.0,2693.0
2009-11-02,2287.0,304.835999,584.700012,690.0,56.598999,386.5,1812.5,2813.0
2009-11-03,2258.0,298.785004,580.299988,667.5,58.151001,359.299988,1802.0,2786.0
2009-11-04,2326.0,311.302002,581.400024,677.0,57.458,364.700012,1796.0,2863.0
2009-11-05,2344.0,307.00698900000003,587.099976,669.5,55.261002000000005,352.100006,1821.0,2874.0
2009-11-06,2386.0,310.839996,583.900024,683.299988,56.466,373.5,1807.5,2917.0
2009-11-09,2488.0,316.705994,595.200012,692.200012,56.745998,393.950012,1849.0,3042.0
2009-11-10,2434.0,300.540009,593.400024,720.0,56.738997999999995,390.299988,1855.0,3043.0
2009-11-11,2468.0,298.369995,583.599976,726.099976,59.429001,383.700012,1880.5,3118.0
2009-11-12,2502.0,299.385986,578.400024,732.5,59.928001,372.100006,1865.0,3100.0
2009-11-13,2549.0,295.597992,581.099976,741.599976,59.828998999999996,374.399994,1856.5,3133.0
2009-11-16,2653.0,299.292999,588.299988,761.200012,60.255001,374.600006,1883.0,3305.0
2009-11-17,2610.0,290.980011,587.5,745.099976,60.594002,377.850006,1872.0,3232.5
2009-11-18,2630.0,293.196991,589.0,742.0,59.636002000000005,364.649994,1876.5,3310.0
2009-11-19,2527.0,284.882996,581.5,732.700012,59.889,360.049988,1844.0,3184.0
2009-11-20,2530.0,281.049011,579.0,731.900024,58.696999,359.950012,1825.5,3148.0
2009-11-23,2595.0,290.51800499999996,588.700012,751.400024,60.907001,378.0,1869.5,3265.0
2009-11-24,2617.0,290.056,587.0,737.0,62.465,363.049988,1854.5,3172.0
2009-11-25,2688.0,292.179993,589.700012,741.200012,62.757999,357.649994,1861.0,3146.0
2009-11-26,2563.0,268.902008,574.0,705.599976,59.148998,329.950012,1815.5,2994.5
2009-11-27,2588.0,275.136993,583.799988,706.299988,58.599998,347.25,1831.0,3089.5
2009-11-30,2603.0,270.057007,574.599976,707.0,55.150002,331.799988,1800.5,3088.0
2009-12-01,2712.0,273.475006,586.700012,726.0,54.139998999999996,342.649994,1837.5,3210.0
2009-12-02,2721.0,274.81399500000003,585.599976,722.700012,53.099998,335.5,1829.5,3292.0
2009-12-03,2650.0,281.27999900000003,582.400024,722.5,55.450001,351.25,1835.0,3183.5
2009-12-04,2607.0,280.35699500000004,584.700012,723.599976,56.0,346.299988,1853.5,3125.0
2009-12-07,2620.0,274.39801,587.599976,712.799988,53.689999,330.0,1854.5,3169.5
2009-12-08,2536.0,265.576996,581.099976,695.099976,53.77,304.5,1827.0,3087.0
2009-12-09,2530.0,256.89300499999996,576.400024,699.0,54.689999,307.100006,1832.0,3140.0
2009-12-10,2523.0,268.57901,573.700012,713.0,58.220001,313.399994,1823.0,3095.0
2009-12-11,2560.0,266.039001,575.200012,703.400024,56.220001,305.600006,1817.0,3134.0
2009-12-14,2636.0,269.410004,581.0,719.900024,55.16,309.899994,1833.0,3175.5
2009-12-15,2639.0,262.85199,579.0,701.799988,55.349998,316.299988,1820.0,3131.5
2009-12-16,2667.0,269.733002,579.099976,709.0,55.580002,318.5,1822.5,3187.0
2009-12-17,2594.0,252.968002,574.299988,684.099976,51.099998,307.399994,1799.0,3134.0
2009-12-18,2594.0,244.100006,576.5,680.0,48.700001,298.299988,1788.0,3132.0
2009-12-21,2649.5,252.18200699999997,591.099976,702.5,49.244999,298.100006,1834.5,3203.0
2009-12-22,2640.0,251.673996,597.5,703.099976,49.25,289.299988,1868.5,3216.0
2009-12-23,2666.0,254.492004,604.299988,714.0,49.105,284.100006,1897.5,3296.0
2009-12-24,2695.0,254.95399500000002,608.5,718.900024,49.27,293.0,1908.5,3370.0
2009-12-29,2729.0,254.02999900000003,605.0,713.700012,50.07,300.399994,1908.5,3420.0
2009-12-30,2695.5,251.49000499999997,601.400024,710.5,49.84,290.799988,1878.0,3372.0
2009-12-31,2711.0,254.95399500000002,600.0,708.799988,50.689999,292.0,1882.0,3390.0
2010-01-04,2769.5,259.157013,613.599976,726.5,52.259997999999996,321.0,1931.0,3469.5
2010-01-05,2815.0,275.36801099999997,620.099976,737.0,54.029999,354.0,1950.0,3542.5
2010-01-06,2863.5,283.589996,619.400024,740.400024,54.59,366.799988,1930.5,3633.5
2010-01-07,2844.0,291.441986,623.299988,736.5,56.93,358.700012,1926.5,3637.5
2010-01-08,2897.0,296.10598799999997,621.700012,740.0,56.900002,351.200012,1910.0,3638.5
2010-01-11,2845.0,292.826996,635.5,730.0,56.130001,349.799988,1927.0,3623.0
2010-01-12,2771.0,292.458008,633.799988,728.400024,55.970001,347.799988,1896.0,3557.5
2010-01-13,2751.0,289.778992,626.599976,717.700012,56.0,356.0,1862.5,3538.5
2010-01-14,2749.0,294.35101299999997,628.400024,714.599976,57.5,360.0,1860.0,3617.5
2010-01-15,2722.5,287.468994,629.0,702.5,56.779999,367.399994,1848.0,3583.0
2010-01-18,2809.0,293.519989,629.0,699.0,58.580002,372.399994,1850.0,3615.0
2010-01-19,2796.5,288.300995,629.5,698.299988,57.07,383.399994,1863.5,3621.5
2010-01-20,2651.0,277.908997,619.5,683.400024,56.5,380.0,1839.0,3466.0
2010-01-21,2488.0,261.420013,610.299988,675.0,53.299999,353.200012,1826.0,3294.5
2010-01-22,2505.5,250.65800499999997,605.599976,673.599976,53.599998,346.799988,1807.0,3292.0
2010-01-25,2459.0,254.95399500000002,599.0,674.799988,52.919998,353.600006,1788.0,3220.0
2010-01-26,2457.0,254.95399500000002,602.0,673.599976,51.709998999999996,348.0,1798.5,3185.0
2010-01-27,2379.0,246.501007,594.099976,663.0,50.84,343.5,1768.0,3131.5
2010-01-28,2300.0,244.746002,587.0,660.0,50.75,325.700012,1731.5,3053.5
2010-01-29,2322.0,249.919006,586.900024,677.299988,51.200001,323.0,1742.5,3099.0
2010-02-01,2379.0,260.681,594.599976,687.0,52.900002,348.600006,1761.5,3183.0
2010-02-02,2456.0,267.56298799999996,572.0,683.5,54.25,361.5,1781.5,3291.0
2010-02-03,2398.5,272.82800299999997,574.299988,681.299988,55.0,353.799988,1775.0,3244.5
2010-02-04,2280.5,251.44299300000003,565.099976,656.0,64.160004,333.299988,1737.5,3094.0
2010-02-05,2274.0,248.487,560.0,648.0,48.314999,322.700012,1722.5,3036.0
2010-02-08,2325.5,247.563995,563.0,648.400024,47.200001,321.5,1743.0,3065.5
2010-02-09,2361.0,248.76400800000002,563.599976,650.299988,48.200001,318.600006,1748.5,3180.0
2010-02-10,2328.0,256.66299399999997,569.700012,658.200012,50.0,326.0,1720.0,3139.5
2010-02-11,2347.5,247.88699300000002,574.599976,657.0,48.145,326.0,1746.5,3216.0
2010-02-12,2310.0,242.020996,573.700012,649.700012,46.584998999999996,312.5,1726.5,3206.0
2010-02-15,2349.0,254.076004,575.299988,657.0,46.799999,316.0,1727.5,3275.0
2010-02-16,2439.0,271.350006,588.200012,667.799988,49.0,332.600006,1760.5,3358.0
2010-02-17,2443.5,279.24798599999997,572.599976,681.0,50.57,339.0,1757.0,3400.0
2010-02-18,2502.0,284.79098500000003,577.099976,685.0,50.68,337.399994,1777.5,3441.0
2010-02-19,2457.5,288.43899500000003,581.299988,691.0,50.52,345.299988,1791.5,3414.0
2010-02-22,2447.0,292.134003,581.200012,698.799988,51.669998,357.799988,1785.5,3467.5
2010-02-23,2380.0,287.97699,572.900024,700.599976,51.73,360.0,1768.0,3379.0
2010-02-24,2385.0,286.360992,576.299988,717.799988,53.490002000000004,361.299988,1788.0,3362.5
2010-02-25,2306.5,283.450989,567.400024,710.0,54.900002,386.100006,1761.0,3250.5
2010-02-26,2390.0,288.670013,578.700012,719.599976,52.5,376.700012,1790.0,3364.0
2010-03-01,2450.0,288.346985,596.0,682.0,50.259997999999996,366.899994,1833.5,3468.5
2010-03-02,2519.0,297.260986,600.200012,700.599976,51.41,377.399994,1863.5,3553.0
2010-03-03,2620.5,304.74301099999997,604.099976,699.900024,52.779999,379.200012,1871.0,3641.0
2010-03-04,2590.5,307.699005,606.700012,693.400024,53.889998999999996,393.600006,1863.0,3604.5
2010-03-05,2664.5,315.365997,612.0,710.799988,66.129997,399.899994,1873.0,3701.0
2010-03-08,2664.5,318.691986,616.200012,705.799988,53.650002,394.700012,1885.0,3720.5
2010-03-09,2648.5,319.431,619.599976,701.099976,53.18,389.799988,1899.5,3694.0
2010-03-10,2710.0,321.325012,624.900024,706.099976,55.259997999999996,404.0,1927.0,3760.0
2010-03-11,2678.5,317.536987,623.700012,694.599976,56.540001000000004,405.5,1921.5,3701.0
2010-03-12,2708.0,325.019989,619.900024,684.0,58.470001,425.700012,1920.0,3708.5
2010-03-15,2664.0,322.016998,619.299988,681.0,57.57,427.299988,1911.0,3657.0
2010-03-16,2680.0,330.192993,622.400024,683.5,57.5,432.799988,1936.5,3702.0
2010-03-17,2727.5,331.993988,630.700012,692.799988,57.369999,435.5,1957.5,3767.0
2010-03-18,2733.0,325.98999,633.0,681.0,55.549999,420.0,1951.0,3729.5
2010-03-19,2664.0,330.330994,635.099976,680.0,60.130001,440.0,1945.0,3670.0
2010-03-22,2684.0,326.635986,629.799988,678.099976,61.099998,437.799988,1930.0,3730.0
2010-03-23,2717.5,330.608002,634.599976,675.799988,63.0,440.60000599999995,1939.5,3823.0
2010-03-24,2742.0,331.62399300000004,637.200012,674.5,64.199997,444.89999400000005,1935.0,3877.5
2010-03-25,2777.0,337.259003,635.0,694.700012,64.910004,456.0,1928.0,3882.0
2010-03-26,2795.5,339.522003,631.599976,687.700012,64.050003,455.89999400000005,1925.5,3863.0
2010-03-29,2832.5,338.87600699999996,628.200012,684.0,63.25,447.799988,1912.0,3910.5
2010-03-30,2834.0,330.700989,624.0,670.0,61.360001000000004,432.60000599999995,1900.0,3897.0
2010-03-31,2874.0,332.825012,623.400024,668.0,62.77,440.0,1910.0,3905.0
2010-04-01,2947.0,334.81100499999997,631.299988,675.400024,64.160004,447.0,1924.5,4006.5
2010-04-06,2997.0,336.428009,646.299988,672.400024,64.489998,449.5,1946.5,4062.0
2010-04-07,2961.0,333.980011,642.299988,677.5,64.459999,448.39999400000005,1934.5,3990.5
2010-04-08,2906.5,329.868988,637.099976,676.700012,62.560001,440.0,1928.5,3905.0
2010-04-09,2979.5,329.315002,641.099976,690.599976,64.089996,447.0,1965.0,3949.0
2010-04-12,2948.0,336.843994,641.099976,694.400024,64.529999,449.0,1973.5,3940.0
2010-04-13,2943.0,335.319,640.700012,695.099976,63.630001,445.700012,1966.5,3877.5
2010-04-14,2982.5,345.01901200000003,643.099976,692.0,64.550003,449.200012,1995.0,3959.5
2010-04-15,2970.0,353.933014,653.0,712.5,65.41999799999999,459.5,1992.5,3953.0
2010-04-16,2882.0,344.880005,641.799988,698.0,64.699997,489.89999400000005,1973.5,3800.0
2010-04-19,2840.0,342.200989,642.5,691.0,65.41999799999999,504.0,1985.0,3793.5
2010-04-20,2870.0,344.325989,655.400024,691.700012,67.220001,527.0,2010.0,3798.5
2010-04-21,2814.0,337.951996,648.200012,682.0,67.18,530.700012,1994.5,3691.0
2010-04-22,2800.0,332.27099599999997,636.400024,677.400024,66.480003,538.5,1969.5,3644.5
2010-04-23,2860.0,334.673004,639.700012,682.0,68.480003,558.0,1992.5,3740.0
2010-04-26,2937.5,342.617004,626.799988,685.799988,70.239998,580.5,1989.5,3804.0
2010-04-27,2801.0,329.96200600000003,610.0,665.700012,68.16999799999999,560.0,1997.5,3607.0
2010-04-28,2807.5,325.15799,625.0,665.900024,67.16999799999999,549.5,2044.0,3546.0
2010-04-29,2880.0,333.70300299999997,584.200012,678.0,68.0,562.0,2033.0,3533.0
2010-04-30,2805.5,312.457001,575.5,668.0,66.129997,543.5,2047.5,3379.0
2010-05-04,2615.0,298.369995,558.5,655.299988,64.160004,447.0,1968.5,3162.5
2010-05-05,2576.5,298.139008,565.0,652.599976,60.099998,504.0,1907.5,3189.5
2010-05-06,2545.5,278.694,567.0,628.400024,56.639998999999996,482.299988,1867.5,3106.5
2010-05-07,2501.5,262.06601,553.900024,629.599976,53.529999,455.0,1833.0,3127.5
2010-05-10,2752.0,304.466003,549.200012,671.599976,61.0,510.0,1889.5,3367.5
2010-05-11,2677.5,300.58700600000003,545.5,661.400024,60.299999,500.0,1884.5,3295.5
2010-05-12,2691.0,303.72699,541.599976,666.700012,59.509997999999996,484.0,1879.0,3292.0
2010-05-13,2751.0,303.911987,547.599976,665.099976,60.549999,491.60000599999995,1899.5,3398.0
2010-05-14,2603.5,285.34500099999997,530.200012,647.5,57.68,472.60000599999995,1853.5,3210.0
2010-05-17,2594.0,281.464996,529.900024,649.099976,57.299999,467.60000599999995,1856.5,3114.5
2010-05-18,2659.0,282.527008,534.0,650.599976,58.150002,473.200012,1876.0,3198.0
2010-05-19,2495.0,268.071014,523.5,638.099976,56.32,452.0,1828.5,2984.5
2010-05-20,2416.0,266.039001,528.799988,632.0,54.900002,448.200012,1836.0,2812.0
2010-05-21,2479.0,276.10699500000004,506.700012,629.200012,55.799999,452.5,1815.5,2909.0
2010-05-24,2528.0,277.908997,493.0,630.700012,55.470001,453.700012,1788.5,2959.5
2010-05-25,2462.5,262.158997,485.200012,619.5,50.52,427.0,1766.5,2856.0
2010-05-26,2588.0,274.35199,492.0,617.799988,53.91,451.0,1766.0,3064.5
2010-05-27,2685.0,285.34500099999997,520.799988,634.299988,56.900002,467.700012,1815.5,3188.5
2010-05-28,2661.0,281.834991,494.799988,627.799988,56.619999,467.299988,1823.0,3189.0
2010-06-01,2647.5,280.17199700000003,430.0,635.5,57.41,468.0,1812.0,3152.0
2010-06-02,2591.5,273.890015,429.75,633.799988,55.889998999999996,451.39999400000005,1813.5,3138.0
2010-06-03,2605.0,279.61801099999997,432.25,639.400024,57.299999,460.0,1841.0,3171.0
2010-06-04,2517.5,266.592987,433.35000599999995,630.099976,55.439999,434.89999400000005,1809.0,3116.0
2010-06-07,2458.0,264.09899900000005,430.299988,629.400024,53.959998999999996,430.89999400000005,1788.5,3052.0
2010-06-08,2477.5,255.462006,408.899994,633.0,51.759997999999996,414.5,1780.0,3062.0
2010-06-09,2538.5,261.14300499999996,391.549988,641.599976,53.470001,420.799988,1770.5,3147.0
2010-06-10,2621.5,265.899994,365.5,644.5,55.91,431.60000599999995,1761.5,3262.0
2010-06-11,2576.5,268.67099,391.899994,646.799988,54.330002,423.700012,1792.0,3214.5
2010-06-14,2672.5,278.371002,355.450012,651.299988,54.900002,431.799988,1796.5,3312.0
2010-06-15,2682.0,283.40499900000003,342.0,650.400024,55.450001,442.200012,1798.0,3331.5
2010-06-16,2679.0,281.60400400000003,337.0,648.5,55.630001,451.700012,1829.0,3339.0
2010-06-17,2672.5,288.80899,359.700012,648.900024,57.189999,467.0,1836.5,3320.0
2010-06-18,2645.0,288.532013,357.450012,648.599976,56.32,470.0,1834.0,3325.0
2010-06-21,2736.5,292.919006,349.5,659.299988,56.66,467.700012,1859.5,3490.0
2010-06-22,2682.5,287.053986,334.200012,659.200012,59.0,470.799988,1843.5,3445.0
2010-06-23,2621.0,277.862,333.5,651.799988,58.700001,467.200012,1806.5,3390.0
2010-06-24,2545.0,265.11499,325.25,637.099976,56.310001,451.89999400000005,1775.5,3282.0
2010-06-25,2475.0,259.75698900000003,304.600006,641.799988,54.200001,444.60000599999995,1752.5,3189.0
2010-06-28,2530.5,263.591003,308.25,639.0,55.41,434.5,1769.0,3256.0
2010-06-29,2388.0,246.96299700000003,302.899994,615.5,53.810001,417.700012,1708.0,3048.0
2010-06-30,2350.5,249.919006,318.899994,615.200012,53.700001,414.299988,1701.0,2968.5
2010-07-01,2271.5,235.878006,327.950012,599.099976,52.209998999999996,394.700012,1624.0,2904.5
2010-07-02,2303.5,246.59399399999998,322.0,600.099976,54.700001,400.600006,1648.5,2934.5
2010-07-05,2255.0,239.434998,333.299988,596.200012,54.77,389.600006,1635.5,2880.5
2010-07-06,2360.5,253.66000400000001,345.5,615.900024,56.959998999999996,409.100006,1670.5,3049.5
2010-07-07,2365.5,269.364014,362.049988,614.700012,58.189999,428.299988,1679.0,3036.0
2010-07-08,2412.0,278.971008,367.0,623.200012,60.700001,443.60000599999995,1741.5,3073.5
2010-07-09,2422.0,277.539001,364.799988,627.099976,61.709998999999996,442.5,1760.0,3172.5
2010-07-12,2385.0,277.076996,398.950012,632.400024,62.259997999999996,446.799988,1771.0,3102.5
2010-07-13,2414.5,288.763,410.350006,644.400024,63.889998999999996,464.0,1808.5,3135.0
2010-07-14,2416.5,289.640015,401.0,639.700012,63.0,462.0,1821.5,3134.5
2010-07-15,2366.0,277.446991,401.75,637.5,61.900002,452.0,1805.0,3030.5
2010-07-16,2338.5,262.944,407.149994,621.599976,59.610001000000004,437.10000599999995,1794.5,3005.0
2010-07-19,2353.0,263.544006,387.850006,623.099976,59.27,435.60000599999995,1799.5,3048.5
2010-07-20,2377.0,263.128998,387.450012,627.799988,59.84,442.10000599999995,1777.5,3173.0
2010-07-21,2409.0,268.117004,399.899994,638.0,61.009997999999996,451.799988,1787.5,3247.5
2010-07-22,2477.5,280.494995,400.0,655.0,63.580002,447.0,1830.0,3314.5
2010-07-23,2522.5,278.971008,398.600006,646.200012,63.52,453.299988,1819.5,3335.5
2010-07-26,2539.0,291.579987,416.950012,649.299988,66.0,466.700012,1824.0,3350.0
2010-07-27,2534.5,313.65799,406.0,666.299988,71.800003,503.5,1821.5,3355.5
2010-07-28,2539.5,313.242004,402.5,663.299988,69.349998,497.299988,1787.0,3387.5
2010-07-29,2541.0,308.62298599999997,413.450012,656.299988,68.910004,499.60000599999995,1783.5,3355.0
2010-07-30,2524.5,307.42199700000003,405.950012,646.0,69.260002,499.60000599999995,1754.5,3304.5
2010-08-02,2627.0,317.721985,413.100006,680.0,72.440002,521.0,1820.5,3450.0
2010-08-03,2604.0,316.614014,415.649994,671.400024,71.91999799999999,520.5,1835.0,3433.5
2010-08-04,2587.0,313.934998,421.64999400000005,672.0,74.489998,521.0,1820.0,3412.0
2010-08-05,2580.0,299.292999,423.39999400000005,669.0,76.029999,520.0,1807.5,3430.0
2010-08-06,2531.0,299.847992,425.35000599999995,661.400024,73.720001,511.0,1796.0,3431.0
2010-08-09,2534.0,309.454987,432.75,670.700012,74.980003,503.5,1822.5,3455.5
2010-08-10,2473.5,308.207001,419.350006,670.0,75.120003,484.5,1821.5,3387.5
2010-08-11,2358.0,289.68600499999997,411.0,657.5,70.029999,460.0,1780.5,3256.0
2010-08-12,2376.5,285.945007,410.049988,661.299988,70.690002,464.10000599999995,1781.5,3265.5
2010-08-13,2370.5,292.826996,416.399994,652.900024,70.239998,469.700012,1777.5,3277.0
2010-08-16,2409.0,294.028015,409.75,654.5,69.410004,459.200012,1772.0,3307.0
2010-08-17,2473.0,302.157013,408.0,667.700012,70.690002,472.5,1803.5,3406.0
2010-08-18,2421.0,299.985992,397.600006,652.799988,70.629997,469.39999400000005,1789.0,3368.0
2010-08-19,2360.0,295.044006,386.700012,635.5,70.089996,464.700012,1740.0,3290.0
2010-08-20,2340.0,293.196991,388.350006,634.200012,69.290001,454.200012,1724.5,3284.5
2010-08-23,2363.5,294.906006,390.600006,639.200012,69.639999,457.0,1737.0,3303.0
2010-08-24,2320.0,285.575989,377.5,629.900024,67.410004,441.0,1719.5,3161.5
2010-08-25,2254.0,275.27600099999995,375.149994,631.5,66.0,429.89999400000005,1703.0,3105.0
2010-08-26,2302.0,278.971008,385.600006,632.900024,67.879997,438.5,1711.5,3177.0
2010-08-27,2295.5,280.772003,379.649994,637.0,68.629997,435.0,1736.0,3223.5
2010-08-31,2340.0,279.339996,380.600006,643.700012,69.489998,445.799988,1733.0,3300.0
2010-09-01,2456.5,291.441986,388.75,652.0,71.480003,458.0,1779.0,3501.0
2010-09-02,2465.0,288.208008,392.600006,652.0,72.120003,461.5,1789.0,3483.0
2010-09-03,2511.0,300.21701,401.700012,654.400024,72.720001,466.200012,1813.5,3536.0
2010-09-06,2492.5,298.23098799999997,406.5,662.799988,72.879997,469.5,1827.0,3510.0
2010-09-07,2460.5,290.056,406.799988,662.400024,72.510002,461.10000599999995,1803.0,3447.5
2010-09-08,2499.0,284.513,412.149994,654.799988,72.32,458.299988,1814.5,3470.5
2010-09-09,2537.0,298.692993,415.450012,661.599976,74.66999799999999,481.5,1828.5,3540.0
2010-09-10,2506.0,294.766998,411.649994,661.5,75.620003,485.299988,1842.5,3530.0
2010-09-13,2587.0,299.01599100000004,416.049988,677.900024,77.610001,501.0,1863.5,3619.5
2010-09-14,2572.0,299.292999,415.200012,676.200012,77.139999,501.5,1866.0,3622.0
2010-09-15,2550.0,292.596008,404.100006,676.599976,77.339996,496.60000599999995,1861.0,3572.5
2010-09-16,2516.0,290.74899300000004,408.450012,675.400024,76.32,484.39999400000005,1880.5,3573.5
2010-09-17,2515.5,281.419006,403.049988,672.700012,75.339996,478.39999400000005,1863.5,3557.5
2010-09-20,2546.5,289.454987,411.350006,679.599976,77.410004,490.200012,1903.0,3604.0
2010-09-21,2529.5,287.838989,414.799988,671.0,76.900002,485.799988,1895.0,3570.0
2010-09-22,2560.0,283.31298799999996,406.25,664.0,75.849998,475.0,1889.0,3652.5
2010-09-23,2550.5,282.897003,405.100006,664.0,75.089996,479.60000599999995,1893.5,3653.0
2010-09-24,2535.0,287.97699,404.899994,666.299988,76.650002,492.89999400000005,1907.0,3695.5
2010-09-27,2531.0,287.053986,403.899994,660.900024,75.839996,488.10000599999995,1911.0,3703.5
2010-09-28,2551.0,285.483002,405.149994,659.5,75.25,480.5,1914.0,3751.0
2010-09-29,2531.5,281.972992,421.0,649.0,74.300003,478.89999400000005,1910.5,3762.0
2010-09-30,2525.5,276.753998,427.799988,645.0,74.120003,476.10000599999995,1916.0,3721.0
2010-10-01,2570.0,276.89300499999996,440.5,653.599976,73.5,476.700012,1944.0,3753.5
2010-10-04,2538.0,276.93899500000003,430.10000599999995,651.599976,73.33000200000001,475.60000599999995,1916.5,3697.0
2010-10-05,2641.5,285.25201400000003,431.5,665.5,75.66999799999999,490.799988,1939.5,3792.0
2010-10-06,2752.0,283.40499900000003,435.549988,663.700012,76.389999,494.89999400000005,1972.0,3926.0
2010-10-07,2664.5,280.86499,437.049988,661.599976,73.900002,478.200012,1971.0,3865.0
2010-10-08,2726.0,274.583008,435.85000599999995,658.200012,73.400002,476.10000599999995,1965.0,3936.0
2010-10-11,2732.5,275.553009,432.35000599999995,661.900024,73.800003,475.0,1972.0,3892.5
2010-10-12,2736.5,272.27398700000003,429.14999400000005,663.200012,72.650002,476.0,1959.0,3862.0
2010-10-13,2884.0,269.733002,436.950012,671.099976,72.599998,475.299988,1996.0,4038.0
2010-10-14,2863.5,258.60199,429.700012,662.299988,70.470001,453.0,1987.5,4134.5
2010-10-15,2866.5,263.266998,425.450012,653.299988,70.18,464.0,1979.5,4143.0
2010-10-18,2846.5,267.192993,432.14999400000005,660.400024,72.199997,463.10000599999995,2006.0,4080.0
2010-10-19,2781.5,266.824005,435.700012,660.5,70.5,469.5,1985.5,3948.0
2010-10-20,2871.0,268.902008,435.39999400000005,660.0,70.300003,460.0,1989.5,4056.0
2010-10-21,2943.5,264.144989,432.5,670.400024,70.360001,455.60000599999995,1995.5,4108.0
2010-10-22,2916.0,261.466003,428.700012,666.799988,71.849998,461.799988,2002.0,4104.0
2010-10-25,2982.0,259.89599599999997,428.64999400000005,668.400024,68.0,454.0,2004.0,4208.0
2010-10-26,2930.0,256.200989,426.35000599999995,660.0,67.989998,447.799988,1995.0,4159.0
2010-10-27,2860.5,260.77301,419.049988,656.900024,69.120003,449.60000599999995,1977.0,4052.5
2010-10-28,2894.0,257.263,423.0,659.0,67.900002,445.5,1987.0,4105.5
2010-10-29,2908.0,253.66000400000001,425.799988,649.099976,68.940002,446.10000599999995,2026.0,4036.0
2010-11-01,2870.5,252.690002,424.0,655.200012,69.599998,455.799988,2043.5,4080.0
2010-11-02,2923.5,254.076004,431.64999400000005,657.900024,67.389999,454.299988,2100.5,4142.0
2010-11-03,2890.5,258.093994,439.299988,670.0,69.199997,451.700012,2062.0,4108.5
2010-11-04,2965.0,265.207001,445.10000599999995,695.099976,70.25,471.39999400000005,2089.5,4305.5
2010-11-05,3029.0,267.747009,446.35000599999995,683.0,69.809998,450.0,2084.0,4346.0
2010-11-08,2955.5,263.86801099999997,444.0,689.099976,68.629997,436.39999400000005,2058.5,4331.0
2010-11-09,2959.0,274.35199,454.450012,694.400024,68.480003,437.5,2063.0,4454.0
2010-11-10,2955.0,267.516998,445.450012,689.599976,67.589996,421.60000599999995,2036.0,4333.0
2010-11-11,3055.0,263.174988,449.799988,684.0,68.589996,410.200012,2041.5,4401.5
2010-11-12,3012.0,259.109985,445.950012,679.799988,69.57,419.100006,2041.5,4314.0
2010-11-15,3036.0,260.911987,448.700012,681.799988,69.870003,423.200012,2049.0,4329.5
2010-11-16,2886.5,252.92100499999998,435.64999400000005,665.0,66.599998,408.600006,2006.5,4120.0
2010-11-17,2896.0,253.337006,435.60000599999995,660.5,66.400002,417.299988,2019.0,4147.5
2010-11-18,2958.0,256.755005,438.25,666.5,67.790001,420.10000599999995,2042.0,4281.5
2010-11-19,2939.0,253.291,435.85000599999995,657.5,66.720001,417.700012,2030.5,4230.0
2010-11-22,2889.0,249.410995,431.0,653.799988,63.93,398.399994,2003.0,4185.0
2010-11-23,2833.5,244.100006,428.75,643.900024,63.349998,400.5,1961.5,4070.0
2010-11-24,2908.0,246.63999900000002,437.0,652.200012,64.379997,405.600006,1990.5,4178.5
2010-11-25,2985.5,247.88699300000002,437.39999400000005,656.099976,64.699997,408.600006,1989.5,4269.5
2010-11-26,2904.5,239.988998,436.0,651.099976,61.849998,386.899994,1989.5,4179.0
2010-11-29,2821.0,242.899002,428.25,651.400024,60.540001000000004,385.200012,1945.5,4043.0
2010-11-30,2820.5,236.617004,425.950012,648.299988,60.41,375.899994,1936.0,4079.5
2010-12-01,2898.5,247.563995,429.85000599999995,656.200012,64.050003,400.0,1989.0,4207.0
2010-12-02,2999.5,253.983994,441.60000599999995,667.5,66.559998,415.5,2019.0,4415.0
2010-12-03,3050.5,247.563995,435.200012,665.799988,66.370003,414.600006,2017.5,4416.0
2010-12-06,3062.0,242.94500699999998,450.0,666.700012,66.099998,411.200012,2023.0,4456.5
2010-12-07,3062.0,242.57499700000002,455.0,665.5,66.699997,413.5,2039.5,4505.0
2010-12-08,2970.5,244.007004,456.60000599999995,658.900024,67.650002,409.799988,2035.0,4370.0
2010-12-09,2995.0,254.95399500000002,455.39999400000005,666.700012,68.279999,423.10000599999995,2030.5,4381.5
2010-12-10,3027.5,251.44299300000003,455.0,663.099976,68.400002,416.899994,2051.0,4397.0
2010-12-13,3053.5,252.459,458.35000599999995,665.5,68.82,418.200012,2066.5,4479.0
2010-12-14,3080.0,251.25900299999998,473.10000599999995,671.700012,69.339996,413.399994,2089.5,4440.0
2010-12-15,3109.5,242.020996,476.549988,661.099976,68.510002,407.600006,2082.0,4430.0
2010-12-16,3123.5,243.406998,470.0,662.099976,68.959999,401.200012,2068.5,4406.5
2010-12-17,3150.0,239.94299300000003,467.14999400000005,655.5,66.5,378.200012,2071.0,4418.0
2010-12-20,3141.5,241.097,469.10000599999995,656.799988,66.870003,384.600006,2069.5,4422.0
2010-12-21,3272.5,247.88699300000002,472.450012,662.799988,68.489998,401.799988,2103.5,4537.0
2010-12-22,3310.0,247.102005,470.0,669.400024,68.949997,406.899994,2118.5,4579.5
2010-12-23,3323.0,246.731995,476.64999400000005,668.0,68.519997,406.0,2126.0,4535.0
2010-12-24,3307.0,246.59399399999998,474.549988,667.299988,68.82,406.799988,2122.5,4573.0
2010-12-29,3375.5,244.51499900000002,473.35000599999995,663.099976,67.639999,397.700012,2151.0,4552.5
2010-12-30,3386.0,244.145996,471.200012,658.400024,66.980003,396.0,2154.0,4584.0
2010-12-31,3335.5,241.69799799999998,465.549988,651.099976,65.699997,390.700012,2138.5,4486.5
2011-01-04,3407.0,251.951004,492.89999400000005,668.099976,67.839996,406.799988,2162.0,4502.0
2011-01-05,3348.5,259.571991,499.25,689.0,68.529999,409.5,2147.0,4476.5
2011-01-06,3309.5,256.800995,496.89999400000005,687.299988,67.25,404.899994,2115.0,4437.0
2011-01-07,3281.0,254.121994,492.5,680.0,66.43,401.0,2109.0,4426.5
2011-01-10,3226.5,255.600006,486.35000599999995,672.400024,65.190002,395.0,2133.0,4389.0
2011-01-11,3283.5,269.733002,500.0,688.700012,66.18,402.600006,2133.5,4446.0
2011-01-12,3396.5,279.524994,503.89999400000005,715.0,67.709999,412.0,2140.0,4542.5
2011-01-13,3410.0,282.66598500000003,503.700012,713.0,68.529999,426.299988,2130.5,4503.5
2011-01-14,3300.0,287.285004,499.5,709.700012,69.610001,426.799988,2118.5,4436.0
2011-01-17,3289.5,283.22000099999997,500.700012,703.5,68.099998,422.799988,2104.5,4384.5
2011-01-18,3320.0,284.282013,509.0,709.299988,67.809998,428.89999400000005,2137.5,4450.0
2011-01-19,3219.0,273.566986,506.0,704.099976,66.209999,423.60000599999995,2138.5,4375.0
2011-01-20,3067.0,280.12600699999996,494.049988,697.299988,66.809998,421.89999400000005,2115.0,4237.0
2011-01-21,3091.0,277.954987,497.299988,695.799988,67.370003,449.39999400000005,2142.5,4243.0
2011-01-24,3126.0,277.584991,497.0,697.200012,65.050003,440.799988,2172.5,4347.5
2011-01-25,3075.0,275.691986,497.0,698.0,63.150002,432.89999400000005,2165.5,4290.0
2011-01-26,3155.5,272.96701,491.700012,696.0,63.009997999999996,430.299988,2185.0,4400.0
2011-01-27,3143.0,276.569,486.39999400000005,695.900024,63.450001,430.299988,2213.0,4414.0
2011-01-28,3031.0,275.460999,486.799988,684.799988,61.900002,427.0,2202.5,4281.5
2011-01-31,3062.5,271.350006,484.85000599999995,680.599976,63.18,416.799988,2198.5,4280.0
2011-02-01,3167.0,275.738007,491.0,687.700012,64.43,423.89999400000005,2265.0,4344.0
2011-02-02,3273.5,278.971008,488.0,701.400024,64.360001,424.89999400000005,2267.5,4507.5
2011-02-03,3240.0,277.954987,477.950012,708.0,63.0,434.799988,2200.0,4494.0
2011-02-04,3335.0,284.60598799999997,476.25,706.5,63.73,437.0,2155.0,4497.0
2011-02-07,3411.0,288.90100099999995,481.450012,706.0,64.57,442.200012,2171.0,4625.0
2011-02-08,3406.0,290.378998,484.5,718.099976,65.949997,445.299988,2181.0,4712.0
2011-02-09,3297.5,292.27301,476.450012,723.0,65.440002,442.89999400000005,2144.0,4659.0
2011-02-10,3308.5,289.363007,476.700012,715.0,65.800003,443.0,2140.5,4549.0
2011-02-11,3421.5,287.37701400000003,475.75,714.0,66.839996,439.89999400000005,2129.5,4623.5
2011-02-14,3437.0,287.053986,480.0,707.900024,65.699997,442.700012,2110.0,4682.0
2011-02-15,3306.5,303.681,486.200012,701.599976,66.879997,452.5,2126.810059,4550.0
2011-02-16,3330.5,306.683014,488.85000599999995,721.5,67.190002,472.0,2146.5,4520.0
2011-02-17,3295.5,308.11499,489.35000599999995,730.900024,69.16999799999999,490.0,2173.5,4498.5
2011-02-18,3227.0,304.420013,493.0,722.799988,69.300003,485.299988,2189.0,4397.0
2011-02-21,3185.0,297.677002,491.549988,704.400024,66.550003,466.39999400000005,2173.5,4311.5
2011-02-22,3208.0,297.307007,492.75,699.0,66.290001,477.200012,2192.5,4340.5
2011-02-23,3116.0,294.674988,488.5,696.799988,65.5,473.200012,2180.0,4207.0
2011-02-24,3178.5,288.716003,493.0,694.799988,65.779999,456.0,2207.5,4170.0
2011-02-25,3307.0,289.408997,494.75,711.099976,62.849998,456.5,2213.0,4265.5
2011-02-28,3333.5,295.459991,494.700012,678.0,61.959998999999996,451.60000599999995,2211.5,4309.5
2011-03-01,3306.0,289.363007,490.0,658.0,61.75,443.39999400000005,2187.0,4294.0
2011-03-02,3268.0,290.424988,484.5,657.5,62.73,442.39999400000005,2169.5,4246.5
2011-03-03,3360.5,290.980011,491.5,662.700012,62.880001,446.60000599999995,2215.0,4351.0
2011-03-04,3325.0,289.225006,493.89999400000005,652.5,62.119999,440.60000599999995,2225.0,4314.0
2011-03-07,3286.0,284.46701,497.5,657.5,61.009997999999996,437.700012,2219.0,4210.0
2011-03-08,3251.0,285.067993,493.799988,670.599976,61.52,443.799988,2197.5,4145.5
2011-03-09,3218.5,282.20401,485.049988,666.200012,61.389998999999996,440.10000599999995,2165.0,4088.0
2011-03-10,3112.0,278.416992,476.5,660.0,60.560001,430.0,2136.5,3931.5
2011-03-11,3128.5,275.968994,468.39999400000005,657.599976,61.18,428.5,2127.0,3963.5
2011-03-14,3089.5,272.088989,459.299988,650.0,60.630001,418.5,2120.0,3975.0
2011-03-15,3031.5,269.733002,451.25,646.0,60.380001,414.0,2101.0,3935.0
2011-03-16,2954.5,260.496002,450.299988,622.5,59.450001,407.0,2081.0,3874.0
2011-03-17,2993.0,261.928009,457.60000599999995,626.599976,59.369999,408.5,2131.0,3998.5
2011-03-18,3037.0,260.588013,462.0,623.099976,59.75,407.899994,2146.0,4016.0
2011-03-21,3061.5,267.424011,464.60000599999995,633.799988,60.75,413.899994,2173.0,4057.5
2011-03-22,3056.5,266.5,463.60000599999995,626.099976,61.16,417.899994,2180.0,4013.5
2011-03-23,3117.0,265.346008,470.25,631.299988,60.240002000000004,414.200012,2200.5,4128.0
2011-03-24,3184.5,268.71701,480.89999400000005,646.599976,60.349998,418.799988,2235.0,4231.5
2011-03-25,3211.0,267.885986,483.549988,647.900024,60.09,421.60000599999995,2258.0,4243.5
2011-03-28,3184.0,270.102997,477.10000599999995,653.5,60.599998,424.10000599999995,2238.0,4279.0
2011-03-29,3252.0,264.144989,466.549988,651.400024,60.209998999999996,418.799988,2251.0,4366.0
2011-03-30,3224.0,262.113007,458.450012,656.0,58.549999,411.0,2247.5,4410.0
2011-03-31,3207.0,256.38501,454.0,641.0,58.09,407.899994,2264.0,4379.0
2011-04-01,3256.0,267.377991,470.0,655.099976,61.0,423.39999400000005,2285.0,4419.0
2011-04-04,3284.5,266.31601,469.25,647.599976,60.32,418.399994,2287.0,4478.0
2011-04-05,3273.0,264.884003,474.85000599999995,647.400024,59.619999,416.700012,2264.5,4413.0
2011-04-06,3294.0,272.320007,476.5,660.400024,61.959998999999996,427.799988,2280.0,4430.0
2011-04-07,3219.0,272.735992,474.89999400000005,668.840027,61.860001000000004,429.200012,2260.0,4385.0
2011-04-08,3307.320068,274.490997,478.5,664.700012,62.16,434.299988,2298.5,4524.0
2011-04-11,3339.5,282.065002,474.799988,660.0,62.360001000000004,444.299988,2288.5,4528.0
2011-04-12,3187.0,280.957001,461.35000599999995,654.900024,60.32,437.89999400000005,2229.5,4403.0
2011-04-13,3146.5,285.299011,464.200012,661.599976,60.68,441.60000599999995,2246.5,4408.5
2011-04-14,3136.0,278.786011,460.049988,653.299988,60.0,435.299988,2226.0,4350.0
2011-04-15,3138.5,278.64801,455.75,653.400024,60.110001000000004,426.700012,2235.5,4316.0
2011-04-18,2983.0,268.53299,451.64999400000005,643.799988,58.830002,418.100006,2179.0,4201.5
2011-04-19,3053.0,268.39401200000003,452.5,640.599976,58.380001,412.5,2187.0,4230.5
2011-04-20,3175.0,271.950012,466.25,651.799988,59.09,412.399994,2260.0,4366.5
2011-04-21,3162.0,276.06100499999997,460.60000599999995,659.599976,59.900002,418.0,2264.0,4402.5
2011-04-26,3132.0,278.832001,464.200012,659.599976,60.389998999999996,418.399994,2290.5,4405.5
2011-04-27,3084.5,265.576996,466.0,657.900024,59.790001000000004,414.5,2308.5,4334.5
2011-04-28,3120.5,260.77301,462.549988,655.400024,59.25,414.700012,2322.5,4360.0
2011-04-29,3119.4,261.49360939999997,461.62999279999997,656.8200192,59.1720002,414.700012,2323.3,4346.5
2011-05-03,3115.0,264.37600699999996,457.950012,662.5,58.860001000000004,418.399994,2326.5,4292.5
2011-05-04,3015.0,262.158997,448.700012,651.799988,58.02,417.0,2276.0,4152.0
2011-05-05,2945.0,255.231003,441.049988,646.200012,53.380001,404.799988,2235.5,4087.0
2011-05-06,3056.0,256.432007,454.700012,651.700012,54.0,428.39999400000005,2224.0,4151.0
2011-05-09,3017.0,253.059998,454.5,648.200012,53.580002,417.0,2197.0,4135.5
2011-05-10,3055.0,256.755005,455.450012,656.200012,54.580002,425.60000599999995,2249.0,4235.5
2011-05-11,2991.0,257.77099599999997,448.0,646.099976,54.540001000000004,424.200012,2205.0,4184.0
2011-05-12,2936.5,256.89300499999996,443.25,648.0,55.0,429.10000599999995,2172.0,4114.5
2011-05-13,2917.5,253.382996,442.200012,647.5,54.700001,427.60000599999995,2150.0,4093.0
2011-05-16,2978.5,252.82899500000002,438.450012,642.700012,54.599998,422.0,2141.5,4171.0
2011-05-17,2913.5,249.641998,434.799988,638.799988,53.740002000000004,421.0,2113.0,4100.5
2011-05-18,2976.0,250.05799900000002,441.049988,638.599976,53.610001000000004,417.0,2163.0,4162.5
2011-05-19,2960.5,256.292999,447.89999400000005,639.5,53.130001,421.5,2165.5,4150.0
2011-05-20,2951.5,252.737,460.0,635.099976,51.610001000000004,415.0,2145.0,4115.0
2011-05-23,2830.5,247.794998,452.0,626.700012,50.869999,408.799988,2095.0,4033.0
2011-05-24,2873.5,245.347,456.39999400000005,623.5,49.740002000000004,404.399994,2119.0,4115.0
2011-05-25,2880.5,251.07400499999997,457.200012,626.400024,50.740002000000004,412.899994,2118.0,4148.0
2011-05-26,2944.0,250.612,461.200012,623.900024,51.32,408.5,2128.5,4148.5
2011-05-27,2992.0,254.261002,459.64999400000005,630.5,52.759997999999996,422.39999400000005,2134.0,4267.0
2011-05-31,3030.0,255.55400099999997,468.35000599999995,634.799988,52.0,426.0,2192.0,4245.0
2011-06-01,3016.5,249.08799700000003,466.14999400000005,631.799988,50.009997999999996,418.5,2158.5,4255.0
2011-06-02,2950.0,245.438995,455.64999400000005,627.200012,48.5,417.600006,2122.0,4142.5
2011-06-03,2940.0,245.253998,454.35000599999995,627.299988,48.735001000000004,415.399994,2133.5,4107.5
2011-06-06,2984.0,243.869003,450.89999400000005,625.799988,46.900002,414.799988,2138.0,4148.0
2011-06-07,2974.0,242.52900699999998,448.14999400000005,623.200012,47.605,419.89999400000005,2123.5,4199.0
2011-06-08,2924.5,243.08299300000002,444.14999400000005,616.599976,48.68,413.600006,2124.5,4147.0
2011-06-09,2988.5,240.126999,450.049988,621.700012,47.814999,410.600006,2147.0,4199.5
2011-06-10,2891.0,236.940994,442.049988,613.799988,47.0,406.0,2121.0,4104.0
2011-06-13,2900.5,240.496994,437.549988,616.200012,47.634997999999996,405.700012,2125.5,4105.5
2011-06-14,2902.5,244.376999,440.5,616.0,48.549999,415.5,2143.5,4144.0
2011-06-15,2863.5,237.77200299999998,435.5,608.599976,47.689999,407.5,2121.5,4111.5
2011-06-16,2811.0,234.630997,433.89999400000005,608.200012,48.044998,402.799988,2105.0,4080.0
2011-06-17,2836.0,237.587006,433.200012,607.299988,48.389998999999996,402.899994,2122.5,4085.0
2011-06-20,2816.0,233.29200699999998,429.64999400000005,603.5,47.154999,385.100006,2114.5,4095.0
2011-06-21,2915.0,239.15800499999997,445.700012,609.0,47.310001,389.200012,2158.5,4218.0
2011-06-22,2915.0,233.061005,445.25,605.599976,47.0,386.5,2160.0,4262.0
2011-06-23,2818.0,224.792999,435.5,601.099976,45.27,384.600006,2112.5,4156.5
2011-06-24,2855.0,219.205002,437.14999400000005,602.900024,43.395,356.5,2107.5,4247.5
2011-06-27,2882.5,219.436005,440.0,606.200012,43.395,350.899994,2125.5,4268.0
2011-06-28,2957.0,223.5,443.5,608.200012,44.165001000000004,367.100006,2144.0,4337.5
2011-06-29,3015.0,230.242996,449.35000599999995,612.400024,44.654999,367.600006,2173.0,4412.0
2011-06-30,3087.5,236.893997,458.64999400000005,618.400024,49.0,384.600006,2218.0,4490.5
2011-07-01,3102.0,245.30000299999998,459.64999400000005,629.099976,50.810001,396.899994,2223.0,4532.0
2011-07-04,3115.0,242.667999,462.85000599999995,627.0,49.875,391.100006,2245.5,4536.5
2011-07-05,3126.0,239.712006,459.35000599999995,624.599976,48.779999,398.0,2243.5,4478.0
2011-07-06,3116.0,230.705002,455.0,625.5,47.75,390.5,2249.5,4493.5
2011-07-07,3181.0,232.09100299999997,462.60000599999995,624.599976,48.27,382.100006,2290.0,4595.0
2011-07-08,3128.0,224.701004,458.5,618.200012,46.560001,386.0,2257.0,4501.5
2011-07-11,3040.0,216.11000099999998,459.10000599999995,615.5,44.845001,357.200012,2245.5,4450.0
2011-07-12,2992.0,210.291,453.25,606.200012,43.865002000000004,359.899994,2209.0,4388.5
2011-07-13,3035.0,210.613998,456.5,606.599976,44.395,355.200012,2231.0,4441.0
2011-07-14,3006.0,208.628006,457.950012,600.0,45.82,354.299988,2212.5,4387.5
2011-07-15,2972.0,206.272003,459.0,599.900024,44.685001,350.899994,2232.0,4391.0
2011-07-18,2902.5,191.815994,456.0,591.200012,41.345001,329.700012,2215.5,4308.0
2011-07-19,2953.5,195.46400500000001,460.60000599999995,593.700012,43.139998999999996,330.899994,2230.0,4366.0
2011-07-20,2974.0,205.62600700000002,472.0,605.5,44.91,341.100006,2235.0,4420.5
2011-07-21,2989.5,221.559998,470.0,608.599976,47.560001,360.5,2270.0,4376.5
2011-07-22,3025.0,221.32899500000002,470.35000599999995,612.200012,47.125,368.600006,2275.0,4421.5
2011-07-25,3026.5,211.49099700000002,475.39999400000005,607.599976,45.099998,362.799988,2282.0,4420.0
2011-07-26,3061.5,211.30700699999997,463.25,611.599976,45.169998,361.700012,2298.5,4421.0
2011-07-27,3022.0,204.147995,460.200012,601.900024,43.235001000000004,350.100006,2265.0,4396.0
2011-07-28,2998.0,210.520996,458.799988,606.799988,45.0,362.799988,2266.5,4353.5
2011-07-29,2900.0,205.994995,461.0,594.5,43.349998,356.899994,2234.5,4300.0
2011-08-01,2870.5,200.453003,458.0,607.5,41.189999,341.5,2219.0,4281.5
2011-08-02,2802.5,200.222,447.049988,610.099976,39.945,333.899994,2216.0,4176.0
2011-08-03,2779.5,196.296005,433.0,593.799988,38.959998999999996,322.299988,2112.5,4015.0
2011-08-04,2610.0,181.054001,420.5,578.5,34.990002000000004,302.799988,2003.0,3796.5
2011-08-05,2521.0,171.817001,410.649994,557.099976,32.845001,281.799988,1925.0,3622.0
2011-08-08,2365.0,162.024994,403.049988,537.799988,32.810001,272.600006,1890.0,3387.5
2011-08-09,2419.5,165.626999,405.25,545.0,32.115002000000004,256.299988,1939.0,3548.0
2011-08-10,2314.0,151.216995,396.399994,516.200012,30.844998999999998,242.899994,1901.0,3416.5
2011-08-11,2386.0,164.287994,396.600006,535.799988,32.205002,252.69999700000002,1950.5,3531.5
2011-08-12,2431.0,172.925003,404.850006,551.799988,33.814999,264.899994,2008.0,3688.5
2011-08-15,2448.0,169.369003,416.700012,547.200012,33.23,261.899994,2015.5,3694.0
2011-08-16,2460.5,167.751999,416.549988,552.599976,33.259997999999996,257.299988,2005.5,3729.0
2011-08-17,2471.0,160.684998,413.0,542.0,32.845001,247.5,1993.0,3739.0
2011-08-18,2299.0,142.257004,400.0,509.60000599999995,29.805,230.0,1929.0,3494.5
2011-08-19,2238.5,139.024002,389.899994,511.0,28.379998999999998,210.0,1883.5,3431.5
2011-08-22,2249.5,135.098007,390.200012,511.0,27.559998999999998,196.699997,1919.0,3421.0
2011-08-23,2234.0,134.358994,396.049988,512.099976,28.299999,200.0,1953.5,3426.0
2011-08-24,2287.0,138.192001,399.25,514.900024,30.110001,218.69999700000002,1972.0,3505.5
2011-08-25,2301.5,145.858994,386.100006,513.099976,30.99,230.80000299999998,1943.5,3500.0
2011-08-26,2335.5,143.179993,386.299988,503.799988,29.715,218.80000299999998,1955.0,3523.0
2011-08-30,2483.0,152.787003,397.600006,524.900024,32.029999,236.399994,2005.0,3673.5
2011-08-31,2567.5,157.729004,402.450012,536.599976,33.595001,242.69999700000002,2065.0,3802.0
2011-09-01,2579.5,166.597,388.5,538.5,35.665001000000004,262.5,2075.0,3768.5
2011-09-02,2458.0,152.602997,374.399994,524.5,33.119999,248.399994,2036.5,3674.0
2011-09-05,2368.5,142.395004,363.200012,504.5,30.65,217.80000299999998,1948.0,3488.5
2011-09-06,2383.0,139.255005,371.649994,509.200012,30.75,211.69999700000002,1978.0,3549.0
2011-09-07,2475.5,147.753006,386.5,525.599976,32.73,224.600006,2047.5,3697.0
2011-09-08,2486.0,146.875,388.5,522.0,32.900002,227.399994,2060.0,3697.0
2011-09-09,2404.0,133.01899699999998,378.0,504.5,31.040001,215.0,2017.5,3564.0
2011-09-12,2358.5,130.848007,375.5,492.549988,30.559998999999998,207.699997,1990.0,3510.0
2011-09-13,2409.0,136.990997,381.600006,499.0,31.83,218.80000299999998,2015.0,3547.0
2011-09-14,2421.0,140.408997,395.100006,501.5,33.5,228.0,2033.0,3530.0
2011-09-15,2496.5,145.951996,411.0,521.099976,35.91,237.19999700000002,2100.0,3606.0
2011-09-16,2523.5,150.940002,413.549988,524.799988,35.805,242.69999700000002,2093.0,3625.0
2011-09-19,2407.0,141.056,407.399994,511.200012,33.415001000000004,228.80000299999998,2057.5,3505.0
2011-09-20,2455.0,142.488007,414.5,520.900024,34.23,230.899994,2111.5,3537.5
2011-09-21,2406.5,141.563995,404.049988,511.89999400000005,36.16,233.80000299999998,2069.0,3389.0
2011-09-22,2230.0,128.261993,384.0,486.200012,32.509997999999996,220.5,1998.5,3023.0
2011-09-23,2253.0,134.867004,385.049988,498.0,34.145,228.30000299999998,1988.5,2985.0
2011-09-26,2264.0,144.104004,384.700012,499.89999400000005,35.23,235.69999700000002,1959.5,2964.5
2011-09-27,2426.5,155.604996,404.75,520.400024,37.02,250.100006,2036.0,3196.5
2011-09-28,2340.5,153.710999,399.899994,510.0,36.130001,241.0,1999.5,3057.0
2011-09-29,2291.5,156.25100700000002,391.799988,512.799988,36.485001000000004,245.0,2009.5,2966.5
2011-09-30,2229.0,149.046005,388.5,496.89999400000005,34.865002000000004,234.899994,2000.0,2888.5
2011-10-03,2214.0,144.33500700000002,386.850006,487.60000599999995,33.455002,224.600006,1966.0,2819.5
2011-10-04,2138.5,133.343002,372.0,473.549988,31.799999,215.19999700000002,1928.5,2712.5
2011-10-05,2231.0,143.595993,390.299988,485.0,33.0,226.0,2000.5,2905.5
2011-10-06,2334.5,155.050995,392.799988,509.799988,35.865002000000004,243.600006,2056.0,3126.5
2011-10-07,2330.0,152.141006,393.600006,509.0,34.66,236.19999700000002,2069.0,3164.0
2011-10-10,2417.0,158.975998,405.149994,519.099976,35.700001,246.100006,2120.0,3247.5
2011-10-11,2391.0,162.30200200000002,405.850006,519.700012,36.279999,253.0,2120.5,3261.5
2011-10-12,2420.0,172.740005,411.950012,529.099976,36.244999,262.899994,2129.0,3362.0
2011-10-13,2305.5,159.992996,405.799988,523.099976,34.259997999999996,241.600006,2139.0,3283.5
2011-10-14,2361.5,162.625,416.399994,525.0,33.25,242.600006,2185.5,3345.5
2011-10-17,2304.0,162.901993,425.549988,523.0,32.419998,240.69999700000002,2192.0,3302.0
2011-10-18,2270.0,161.748001,430.89999400000005,520.200012,32.060001,237.399994,2187.0,3159.5
2011-10-19,2271.0,165.766006,436.950012,522.5,33.145,247.80000299999998,2222.0,3138.0
2011-10-20,2180.5,158.884003,429.799988,512.700012,31.645,236.30000299999998,2214.5,3015.0
2011-10-21,2220.0,168.074997,439.39999400000005,518.0,32.869999,244.30000299999998,2249.5,3151.0
2011-10-24,2315.5,172.462997,438.10000599999995,530.0,34.599998,249.600006,2242.5,3373.5
2011-10-25,2299.5,166.274002,457.200012,525.0,34.974998,250.899994,2231.0,3302.5
2011-10-26,2308.0,164.98100300000002,461.0,526.200012,34.25,247.80000299999998,2253.0,3300.0
2011-10-27,2466.0,193.98599199999998,467.85000599999995,555.299988,37.07,272.700012,2280.0,3562.5
2011-10-28,2462.0,185.85699499999998,467.200012,565.299988,35.150002,262.899994,2250.0,3620.0
2011-10-31,2293.5,180.406998,461.0,544.900024,32.494999,242.30000299999998,2206.0,3385.0
2011-11-01,2244.5,163.272003,444.0,532.400024,30.559998999999998,230.0,2178.5,3252.5
2011-11-02,2299.5,167.28999299999998,452.60000599999995,540.799988,29.205,231.19999700000002,2165.0,3375.0
2011-11-03,2356.5,170.477005,456.700012,541.0,28.9,228.0,2178.0,3446.0
2011-11-04,2338.5,169.55299399999998,452.549988,540.0,28.565001000000002,230.899994,2169.0,3485.0
2011-11-07,2369.5,165.673996,452.799988,535.0,27.690001000000002,222.5,2173.5,3467.5
2011-11-08,2415.0,168.121994,457.299988,537.5,28.9,223.30000299999998,2202.5,3520.0
2011-11-09,2353.0,158.929993,450.0,506.299988,27.530001000000002,210.899994,2171.0,3484.5
2011-11-10,2383.5,157.037003,448.64999400000005,496.950012,27.17,211.100006,2172.5,3419.0
2011-11-11,2467.0,165.257996,458.299988,503.299988,28.834999,224.600006,2206.0,3467.5
2011-11-14,2448.0,160.778,458.799988,504.700012,28.375,219.399994,2222.0,3423.0
2011-11-15,2453.5,158.145004,457.14999400000005,501.299988,27.299999,212.30000299999998,2210.0,3458.0
2011-11-16,2465.0,159.345993,464.25,494.85000599999995,26.940001000000002,211.0,2232.0,3446.0
2011-11-17,2394.0,155.235001,455.60000599999995,484.39999400000005,25.705,205.0,2223.0,3324.0
2011-11-18,2359.0,153.710999,449.950012,480.85000599999995,25.195,205.699997,2201.0,3276.0
2011-11-21,2241.0,145.490005,440.0,469.0,23.42,195.600006,2153.0,3083.0
2011-11-22,2231.5,140.962997,435.799988,474.950012,22.389999,184.199997,2127.5,3055.0
2011-11-23,2188.5,136.621994,426.39999400000005,463.5,21.84,173.399994,2105.5,2985.5
2011-11-24,2196.0,140.871002,420.549988,466.85000599999995,22.405001000000002,179.699997,2070.0,3030.5
2011-11-25,2221.5,143.78100600000002,425.39999400000005,467.39999400000005,23.190001000000002,187.399994,2101.0,3032.0
2011-11-28,2316.5,155.050995,437.799988,488.75,23.674999,197.399994,2139.5,3164.0
2011-11-29,2308.5,156.113007,438.799988,486.549988,23.18,195.199997,2141.0,3138.5
2011-11-30,2420.0,166.505005,460.75,494.5,24.825001,204.800003,2224.0,3339.0
2011-12-01,2427.0,163.641006,454.35000599999995,495.700012,24.0,205.5,2206.5,3304.0
2011-12-02,2471.0,176.112,464.799988,510.700012,25.389999,216.30000299999998,2239.0,3346.5
2011-12-05,2501.5,177.03599499999999,466.299988,518.0,27.0,227.69999700000002,2256.0,3384.0
2011-12-06,2494.5,173.664001,465.549988,508.299988,27.1,225.899994,2269.5,3351.0
2011-12-07,2482.5,173.063995,460.049988,509.0,27.084999,221.399994,2270.0,3334.0
2011-12-08,2400.0,166.64399699999998,451.10000599999995,501.700012,25.08,209.199997,2250.0,3216.5
2011-12-09,2449.0,175.695999,452.049988,504.89999400000005,26.715,219.899994,2293.5,3245.5
2011-12-12,2347.0,167.613998,444.549988,488.75,24.424999,205.600006,2261.5,3119.0
2011-12-13,2367.5,164.98100300000002,452.25,492.5,24.715,204.0,2308.5,3185.0
2011-12-14,2279.5,157.313995,440.950012,480.0,24.065001000000002,195.0,2257.0,3035.5
2011-12-15,2308.0,157.498001,447.85000599999995,482.39999400000005,24.075001,196.399994,2264.0,3029.0
2011-12-16,2298.5,158.37600700000002,445.75,480.700012,24.5,200.0,2275.5,3060.0
2011-12-19,2274.5,153.294998,437.64999400000005,478.25,23.465,194.0,2259.5,3027.0
2011-12-20,2328.5,158.330002,444.0,483.89999400000005,23.620001000000002,196.699997,2278.0,3096.0
2011-12-21,2300.0,158.837997,439.549988,480.10000599999995,24.934998999999998,198.199997,2288.0,3085.0
2011-12-22,2342.0,162.671005,450.299988,488.549988,25.85,206.100006,2319.0,3140.0
2011-12-23,2358.5,165.350006,459.700012,490.049988,25.690001000000002,205.399994,2327.0,3157.5
2011-12-28,2338.0,159.069,455.75,487.049988,25.014999,198.5,2332.0,3091.0
2011-12-29,2367.0,161.192993,460.85000599999995,492.0,25.48,201.100006,2377.0,3115.5
2011-12-30,2379.0,162.625,460.5,491.049988,25.905001000000002,201.800003,2371.0,3125.0
2012-01-03,2497.0,172.09399399999998,471.049988,504.89999400000005,27.040001,210.100006,2380.0,3325.0
2012-01-04,2471.5,173.987,473.450012,500.0,26.594998999999998,207.600006,2370.0,3342.0
2012-01-05,2455.0,169.645996,474.049988,497.60000599999995,26.35,202.699997,2350.0,3321.0
2012-01-06,2469.0,172.186005,477.049988,498.200012,27.110001,205.100006,2385.0,3313.5
2012-01-09,2438.5,164.51899699999998,473.60000599999995,491.39999400000005,26.190001000000002,200.699997,2384.0,3311.0
2012-01-10,2518.5,173.940994,479.60000599999995,504.700012,27.309998999999998,211.30000299999998,2402.0,3428.5
2012-01-11,2527.0,175.789001,475.299988,503.60000599999995,28.17,217.899994,2327.5,3489.0
2012-01-12,2555.0,178.69799799999998,479.5,499.60000599999995,29.15,230.0,2278.0,3547.5
2012-01-13,2570.5,185.85699499999998,476.299988,504.700012,29.5,241.0,2251.0,3561.0
2012-01-16,2595.0,183.917999,478.0,507.700012,29.465,244.19999700000002,2258.5,3589.0
2012-01-17,2633.5,184.056,481.950012,517.5,29.540001,248.5,2279.0,3694.0
2012-01-18,2648.0,185.764999,481.39999400000005,515.599976,29.59,248.399994,2276.5,3710.5
2012-01-19,2647.5,204.470993,482.450012,536.400024,32.27,270.600006,2282.5,3728.0
2012-01-20,2660.0,205.671997,467.450012,542.299988,32.654999,274.399994,2253.5,3684.5
2012-01-23,2685.5,205.671997,476.700012,544.900024,32.584998999999996,281.399994,2310.0,3736.0
2012-01-24,2656.5,201.837997,477.39999400000005,540.099976,31.68,270.5,2315.5,3700.0
2012-01-25,2654.5,200.684006,474.549988,537.0,30.924999,267.5,2278.0,3711.5
2012-01-26,2737.0,205.85699499999998,476.75,539.5,32.825001,276.700012,2285.0,3893.0
2012-01-27,2698.5,205.85699499999998,464.549988,541.099976,32.424999,277.399994,2249.0,3810.0
2012-01-30,2635.0,197.266006,458.450012,527.5,31.084999,267.600006,2229.0,3798.5
2012-01-31,2624.0,196.341995,470.85000599999995,529.700012,30.620001000000002,266.200012,2240.5,3805.0
2012-02-01,2733.0,207.011002,483.0,541.900024,32.200001,277.399994,2268.5,3912.0
2012-02-02,2830.5,210.520996,477.89999400000005,545.700012,32.73,284.0,2265.0,3980.5
2012-02-03,2910.0,219.343002,484.5,559.5,34.389998999999996,286.899994,2261.0,3988.0
2012-02-06,2887.0,213.75500499999998,489.549988,557.5,35.299999,287.899994,2257.0,3946.0
2012-02-07,2873.0,218.742996,486.5,562.0,35.264998999999996,288.799988,2282.5,3869.5
2012-02-08,2862.0,215.78700299999997,489.75,565.5,35.785,290.899994,2287.5,3873.5
2012-02-09,2860.0,215.32499700000002,493.39999400000005,568.0,35.59,288.100006,2290.5,3815.0
2012-02-10,2746.5,216.201996,490.299988,557.599976,34.490002000000004,279.100006,2284.0,3772.0
2012-02-13,2817.0,218.880997,496.0,564.400024,35.294998,281.0,2296.5,3845.5
2012-02-14,2772.0,216.98800699999998,494.799988,561.5,34.285,266.5,2331.5,3727.5
2012-02-15,2690.0,223.223007,487.39999400000005,575.900024,33.93,269.899994,2301.0,3683.0
2012-02-16,2644.0,226.225006,487.549988,573.599976,34.384997999999996,267.5,2294.0,3633.5
2012-02-17,2674.0,229.41200299999997,488.950012,577.700012,35.455002,276.0,2293.0,3622.0
2012-02-20,2690.0,231.768005,499.25,581.700012,36.345001,284.799988,2286.0,3706.0
2012-02-21,2715.5,228.858002,497.700012,579.5,35.75,282.100006,2303.5,3699.5
2012-02-22,2709.0,220.960007,496.950012,575.599976,35.419998,273.299988,2309.0,3662.5
2012-02-23,2693.0,222.623001,495.35000599999995,575.400024,36.575001,287.200012,2328.5,3690.0
2012-02-24,2693.5,228.76499900000002,496.200012,574.900024,35.73,285.299988,2322.0,3670.5
2012-02-27,2675.0,225.209,501.700012,553.5,34.900002,279.399994,2317.0,3702.0
2012-02-28,2709.0,225.348007,499.299988,559.299988,34.84,283.200012,2320.5,3730.5
2012-02-29,2649.5,226.31700099999998,492.39999400000005,555.299988,34.935001,279.200012,2286.5,3584.0
2012-03-01,2671.0,231.998993,496.39999400000005,568.299988,34.775002,277.5,2294.5,3594.5
2012-03-02,2641.0,237.17100499999998,496.5,569.0,35.634997999999996,280.399994,2285.5,3560.0
2012-03-05,2569.0,233.61500499999997,504.60000599999995,558.599976,35.549999,273.799988,2274.5,3422.0
2012-03-06,2502.0,220.68299900000002,490.10000599999995,548.400024,34.154999,261.700012,2251.0,3356.0
2012-03-07,2535.5,220.774994,492.75,550.700012,34.255001,261.600006,2247.5,3370.0
2012-03-08,2570.5,222.34500099999997,494.450012,556.0,34.345001,263.5,2277.0,3460.0
2012-03-09,2593.0,222.34500099999997,493.89999400000005,556.900024,34.349998,262.0,2280.0,3509.0
2012-03-12,2575.0,217.86500499999997,495.700012,556.099976,33.669998,253.69999700000002,2272.0,3450.5
2012-03-13,2606.5,221.28300499999997,498.85000599999995,572.400024,34.610001000000004,257.600006,2281.0,3533.0
2012-03-14,2564.0,229.82800299999997,499.049988,575.0,35.455002,265.600006,2280.5,3480.0
2012-03-15,2581.5,230.19700600000002,492.75,574.799988,36.455002,264.700012,2264.0,3547.5
2012-03-16,2618.0,234.630997,490.14999400000005,580.400024,37.5,281.399994,2257.5,3578.5
2012-03-19,2612.5,232.13699300000002,491.25,577.799988,37.314999,291.700012,2258.0,3614.5
2012-03-20,2505.0,226.77900699999998,484.10000599999995,565.299988,36.189999,286.299988,2237.0,3464.5
2012-03-21,2503.0,226.039993,481.549988,567.400024,35.865002000000004,285.200012,2234.5,3436.0
2012-03-22,2442.0,221.32899500000002,476.549988,563.400024,35.25,279.0,2221.0,3334.0
2012-03-23,2459.5,225.856003,477.549988,558.299988,35.974998,280.299988,2220.0,3382.5
2012-03-26,2463.0,228.76499900000002,481.89999400000005,561.0,35.540001000000004,277.5,2250.5,3364.5
2012-03-27,2442.0,232.18299900000002,471.35000599999995,564.5,34.825001,286.700012,2223.0,3386.5
2012-03-28,2347.0,226.871994,468.10000599999995,561.400024,34.435001,286.100006,2216.0,3316.0
2012-03-29,2296.5,216.294998,458.89999400000005,547.099976,33.424999,278.299988,2178.5,3375.5
2012-03-30,2337.0,217.311005,462.549988,554.799988,33.605,276.399994,2183.5,3446.0
2012-04-02,2368.5,218.419006,471.450012,558.700012,33.580002,277.5,2219.0,3556.0
2012-04-03,2339.5,212.78500400000001,464.25,558.900024,32.674999,268.899994,2203.0,3530.5
2012-04-04,2269.5,201.837997,452.049988,556.799988,31.885,261.0,2159.0,3406.5
2012-04-05,2298.5,202.576996,456.10000599999995,554.5,31.379998999999998,258.200012,2167.5,3460.0
2012-04-10,2201.5,190.569,445.35000599999995,537.0,29.799999,247.19999700000002,2121.5,3306.0
2012-04-11,2225.0,195.925995,444.25,540.900024,30.59,252.600006,2141.0,3336.5
2012-04-12,2272.0,206.41099499999999,444.85000599999995,548.0,31.915001,259.600006,2125.0,3487.0
2012-04-13,2262.5,198.513,441.85000599999995,543.200012,30.754998999999998,250.5,2117.0,3446.0
2012-04-16,2227.5,194.725006,442.950012,541.299988,29.709999,242.69999700000002,2123.0,3440.0
2012-04-17,2328.5,203.73199499999998,452.5,554.099976,30.950001,252.0,2166.0,3517.5
2012-04-18,2311.5,197.912003,446.0,552.0,29.969998999999998,244.30000299999998,2154.0,3540.0
2012-04-19,2307.0,196.11099199999998,440.049988,554.599976,29.290001,238.399994,2122.5,3512.5
2012-04-20,2349.0,197.266006,434.85000599999995,555.799988,30.1,240.19999700000002,2136.5,3547.0
2012-04-23,2294.0,188.951996,429.700012,545.700012,29.385,231.30000299999998,2110.0,3376.0
2012-04-24,2308.0,194.91000400000001,436.60000599999995,553.5,30.35,233.0,2130.0,3415.0
2012-04-25,2360.0,194.91000400000001,432.299988,554.299988,30.495001000000002,232.19999700000002,2128.0,3480.0
2012-04-26,2364.5,196.757996,444.25,552.599976,31.475,235.80000299999998,2195.5,3472.0
2012-04-27,2381.0,206.087006,446.35000599999995,559.400024,31.190001000000002,243.5,2188.0,3503.5
2012-04-30,2368.0,201.60699499999998,445.0,555.099976,31.01,242.69999700000002,2193.0,3432.5
2012-05-01,2412.0,208.951004,441.299988,565.0,33.595001,253.0,2213.5,3505.5
2012-05-02,2375.0,197.358002,433.799988,561.400024,32.075001,247.69999700000002,2176.0,3439.0
2012-05-03,2365.0,196.619003,435.700012,563.299988,31.645,245.5,2184.5,3363.0
2012-05-04,2263.0,192.507996,422.14999400000005,555.099976,32.619999,244.69999700000002,2142.0,3214.5
2012-05-08,2172.5,187.565994,415.0,548.599976,31.075001,234.600006,2085.0,3107.5
2012-05-09,2178.5,186.919998,404.0,551.200012,29.91,234.600006,2047.0,3127.0
2012-05-10,2186.0,192.878006,410.5,556.5,31.200001,230.5,2050.5,3149.5
2012-05-11,2187.0,187.33500700000002,415.100006,554.200012,31.084999,229.600006,2067.0,3142.0
2012-05-14,2119.0,175.326996,403.899994,545.799988,29.379998999999998,218.5,2015.0,3043.0
2012-05-15,2085.5,171.908997,400.399994,547.700012,28.855,213.399994,2001.5,2953.5
2012-05-16,2089.5,174.634003,399.649994,534.200012,28.67,218.69999700000002,2006.5,2910.5
2012-05-17,2046.0,168.029007,396.649994,520.900024,27.65,210.600006,1988.5,2855.0
2012-05-18,2019.0,162.671005,391.950012,509.60000599999995,25.950001,207.100006,1982.0,2788.0
2012-05-21,2024.0,166.274002,395.600006,513.400024,26.42,208.0,1983.5,2823.0
2012-05-22,2087.5,174.494995,401.950012,523.0,27.615,219.5,2020.0,2936.5
2012-05-23,2005.5,166.73599199999998,393.899994,507.5,26.514999,210.399994,1970.5,2790.5
2012-05-24,2026.0,171.169998,407.0,514.799988,26.91,214.399994,2013.0,2838.5
2012-05-25,2001.0,167.84399399999998,407.350006,513.900024,25.799999,208.699997,2016.0,2795.0
2012-05-29,2058.0,167.19799799999998,406.850006,514.400024,25.9,206.199997,2015.0,2922.0
2012-05-30,1983.5,165.766006,398.299988,503.5,25.295,200.0,1988.5,2801.0
2012-05-31,1971.0,162.85600300000002,394.899994,509.5,25.379998999999998,199.800003,2011.0,2780.0
2012-06-01,1955.5,160.270004,402.0,503.200012,25.719998999999998,199.899994,1984.0,2771.5
2012-06-06,2091.0,173.479004,406.950012,527.0,27.045,211.0,2031.5,2899.5
2012-06-07,2133.0,178.14399699999998,413.600006,535.0,28.0,219.11999500000002,2048.0,3015.0
2012-06-08,2074.0,175.83500700000002,409.049988,531.400024,28.01,223.0,2035.0,2869.0
2012-06-11,2069.5,176.020004,414.899994,533.799988,28.495001000000002,232.91000400000001,2038.5,2851.0
2012-06-12,2096.0,175.28100600000002,417.450012,539.099976,29.155001000000002,222.0,2060.0,2880.0
2012-06-13,2131.5,173.940994,418.700012,545.0,29.629998999999998,220.11999500000002,2090.5,2870.0
2012-06-14,2092.0,178.05200200000002,416.700012,545.5,29.75,222.49000499999997,2088.0,2866.0
2012-06-15,2130.0,185.488007,423.5,546.400024,31.299999,247.600006,2117.5,2935.0
2012-06-18,2128.5,181.100006,420.700012,546.700012,30.16,235.30000299999998,2120.0,2962.5
2012-06-19,2170.0,185.30299399999998,426.89999400000005,560.5,30.9,243.30000299999998,2155.0,3051.0
2012-06-20,2215.0,190.061005,425.64999400000005,565.299988,31.200001,247.600006,2162.0,3095.0
2012-06-21,2101.0,186.87399299999998,412.100006,559.200012,31.200001,243.30000299999998,2131.0,3000.0
2012-06-22,2065.5,185.395996,407.25,562.299988,31.389999,243.19999700000002,2100.0,2982.0
2012-06-25,2009.5,179.436996,402.049988,558.299988,30.41,236.80000299999998,2084.0,2872.5
2012-06-26,2034.5,177.729004,401.600006,559.400024,30.094998999999998,227.69999700000002,2077.0,2890.0
2012-06-27,2040.5,181.100006,408.5,573.0,31.155001000000002,233.100006,2106.0,2910.5
2012-06-28,2039.0,152.972,412.399994,558.200012,29.940001000000002,206.399994,2123.0,2913.0
2012-06-29,2088.5,150.432007,421.950012,561.099976,31.1,215.30000299999998,2147.5,3019.0
