Dates,0.25,0.50,0.75,1.00,2.00,3.00,5.00,7.00,10.00,15.00
2009-01-13 00:00:00,10.98,11.18,11.38,11.53,11.81,11.76,11.52,11.28,10.98,10.54
2009-01-11 00:00:00,10.17,10.39,10.63,10.83,11.30,11.27,10.82,10.35,9.88,9.43
2009-01-16 00:00:00,10.30,10.42,10.56,10.67,10.92,10.94,10.82,10.68,10.55,10.36
2009-01-12 00:00:00,10.90,11.15,11.38,11.53,11.67,11.40,10.84,10.44,10.05,9.68
2009-01-22 00:00:00,11.16,11.26,11.35,11.42,11.54,11.54,11.54,11.57,11.58,11.48
2009-01-21 00:00:00,11.67,11.79,11.90,11.98,12.11,12.12,12.11,12.07,11.96,11.69
2009-01-23 00:00:00,11.06,11.14,11.23,11.30,11.47,11.55,11.66,11.75,11.82,11.77
2009-01-27 00:00:00,10.89,11.01,11.12,11.21,11.38,11.43,11.48,11.51,11.50,11.44
2009-01-19 00:00:00,10.78,10.98,11.16,11.29,11.44,11.31,11.03,10.85,10.66,10.45
2009-01-28 00:00:00,11.33,11.42,11.53,11.62,11.89,12.04,12.22,12.33,12.41,12.41
2009-01-30 00:00:00,11.53,11.68,11.81,11.90,12.05,12.05,12.03,12.00,11.94,11.88
2009-01-29 00:00:00,11.31,11.35,11.41,11.46,11.68,11.90,12.19,12.33,12.36,12.29
2009-01-26 00:00:00,11.66,11.75,11.85,11.92,12.06,12.12,12.34,12.57,12.75,12.70
2009-01-15 00:00:00,10.69,10.79,10.90,10.99,11.20,11.21,11.09,10.96,10.82,10.65
2009-02-02 00:00:00,11.45,11.69,11.92,12.08,12.33,12.27,12.08,11.95,11.85,11.80
2009-02-03 00:00:00,12.38,12.65,12.94,13.21,13.96,14.14,13.92,13.57,13.25,13.02
2009-02-06 00:00:00,12.54,12.80,13.10,13.38,14.20,14.44,14.28,13.96,13.66,13.45
2009-02-05 00:00:00,12.15,12.39,12.66,12.91,13.66,13.90,13.79,13.52,13.25,13.06
2009-02-04 00:00:00,13.10,13.33,13.59,13.81,14.44,14.57,14.30,13.92,13.56,13.27
2009-02-09 00:00:00,11.40,11.63,11.87,12.06,12.46,12.48,12.35,12.24,12.17,12.17
2009-02-10 00:00:00,11.70,11.97,12.26,12.51,13.12,13.25,13.09,12.87,12.70,12.60
2009-02-11 00:00:00,12.24,12.47,12.75,12.99,13.68,13.89,13.76,13.52,13.30,13.17
2009-02-12 00:00:00,12.76,12.89,13.02,13.12,13.36,13.40,13.31,13.22,13.16,13.16
2009-02-13 00:00:00,13.06,13.08,13.13,13.20,13.51,13.73,13.82,13.73,13.63,13.58
2009-02-16 00:00:00,12.11,12.10,12.11,12.15,12.43,12.73,12.94,12.91,12.82,12.78
2009-02-17 00:00:00,11.74,11.91,12.08,12.22,12.50,12.55,12.52,12.50,12.50,12.57
2009-02-19 00:00:00,11.71,11.88,12.04,12.14,12.27,12.25,12.22,12.23,12.30,12.41
2009-01-14 00:00:00,11.42,11.57,11.75,11.89,12.25,12.27,12.06,11.81,11.55,11.22
2009-02-24 00:00:00,11.89,12.08,12.28,12.45,12.89,13.00,12.96,12.85,12.76,12.75
2009-02-26 00:00:00,11.52,11.73,11.97,12.19,12.78,12.94,12.80,12.58,12.41,12.39
2009-02-18 00:00:00,12.21,12.43,12.63,12.76,12.94,12.87,12.73,12.68,12.68,12.75
2009-02-27 00:00:00,11.69,11.86,12.05,12.20,12.59,12.69,12.65,12.58,12.55,12.61
2009-03-02 00:00:00,11.55,11.82,12.11,12.34,12.90,13.00,12.90,12.78,12.72,12.77
2009-03-04 00:00:00,11.83,12.10,12.36,12.56,12.97,13.01,12.91,12.83,12.84,12.94
2009-03-05 00:00:00,11.64,11.88,12.14,12.36,12.94,13.11,13.09,13.00,12.97,13.05
2009-02-20 00:00:00,12.19,12.38,12.54,12.63,12.69,12.62,12.53,12.52,12.56,12.65
2009-03-06 00:00:00,11.51,11.76,12.02,12.24,12.78,12.92,12.90,12.84,12.85,12.98
2009-03-10 00:00:00,11.40,11.67,11.92,12.11,12.42,12.41,12.35,12.37,12.48,12.68
2009-03-12 00:00:00,11.00,11.26,11.53,11.74,12.26,12.35,12.33,12.32,12.40,12.60
2009-03-13 00:00:00,10.98,11.21,11.44,11.63,12.13,12.31,12.50,12.64,12.82,13.02
2009-03-17 00:00:00,10.62,10.87,11.12,11.34,11.89,12.06,12.13,12.15,12.28,12.53
2009-03-18 00:00:00,10.47,10.71,10.98,11.20,11.78,11.97,12.06,12.10,12.23,12.51
2009-03-11 00:00:00,11.42,11.70,11.96,12.14,12.45,12.42,12.34,12.35,12.46,12.67
2009-03-16 00:00:00,10.93,11.15,11.38,11.57,12.01,12.12,12.18,12.23,12.38,12.64
2009-03-19 00:00:00,10.31,10.60,10.91,11.17,11.88,12.09,12.16,12.17,12.30,12.57
2009-02-25 00:00:00,11.32,11.49,11.67,11.83,12.28,12.47,12.54,12.49,12.38,12.33
2009-03-20 00:00:00,10.20,10.44,10.68,10.89,11.41,11.60,11.74,11.85,12.07,12.42
2009-03-23 00:00:00,10.52,10.74,10.95,11.12,11.53,11.64,11.77,11.90,12.15,12.53
2009-03-24 00:00:00,10.69,10.91,11.13,11.30,11.67,11.77,11.88,12.03,12.30,12.69
2009-03-26 00:00:00,10.50,10.76,11.02,11.24,11.81,12.01,12.15,12.24,12.44,12.80
2009-03-27 00:00:00,10.09,10.33,10.58,10.77,11.26,11.45,11.67,11.87,12.17,12.60
2009-03-25 00:00:00,10.60,10.81,11.03,11.22,11.78,11.99,12.15,12.26,12.47,12.82
2009-03-30 00:00:00,9.93,10.19,10.44,10.65,11.17,11.34,11.49,11.64,11.96,12.45
2009-03-31 00:00:00,9.67,9.88,10.08,10.25,10.71,10.87,10.98,11.08,11.33,11.71
2009-04-01 00:00:00,9.77,10.04,10.32,10.56,11.24,11.47,11.56,11.62,11.88,12.32
2009-04-03 00:00:00,10.00,10.19,10.38,10.56,11.08,11.30,11.50,11.67,12.03,12.55
2009-04-02 00:00:00,9.91,10.14,10.37,10.57,11.15,11.37,11.51,11.63,11.94,12.44
2009-04-06 00:00:00,9.90,10.10,10.32,10.52,11.14,11.45,11.81,12.07,12.44,12.91
2009-01-20 00:00:00,10.96,11.04,11.14,11.21,11.36,11.42,11.50,11.55,11.56,11.43
2009-04-07 00:00:00,9.47,9.72,9.98,10.20,10.82,11.09,11.35,11.57,11.97,12.52
2009-04-08 00:00:00,9.23,9.54,9.86,10.15,10.99,11.41,11.82,12.09,12.46,12.91
2009-04-09 00:00:00,8.79,9.14,9.50,9.81,10.69,11.13,11.61,11.92,12.33,12.79
2009-03-03 00:00:00,11.45,11.71,12.01,12.25,12.90,13.07,13.00,12.88,12.82,12.86
2009-04-13 00:00:00,8.54,8.92,9.27,9.57,10.42,10.96,11.69,12.15,12.55,12.86
2009-04-10 00:00:00,9.01,9.39,9.74,10.02,10.73,11.10,11.62,12.02,12.46,12.89
2009-04-14 00:00:00,8.94,9.23,9.48,9.70,10.35,10.83,11.53,11.98,12.37,12.68
2009-04-15 00:00:00,8.89,9.25,9.58,9.88,10.74,11.29,12.00,12.42,12.76,12.99
2009-04-17 00:00:00,8.57,9.03,9.44,9.78,10.74,11.30,11.90,12.20,12.40,12.55
2009-04-20 00:00:00,8.79,9.31,9.73,10.09,10.99,11.42,11.72,11.80,11.84,11.89
2009-04-16 00:00:00,8.51,8.96,9.36,9.72,10.72,11.27,11.81,12.06,12.26,12.42
2009-04-21 00:00:00,8.67,9.27,9.77,10.19,11.23,11.70,12.03,12.13,12.19,12.23
2009-04-22 00:00:00,8.76,9.39,9.90,10.31,11.31,11.78,12.18,12.32,12.35,12.20
2009-04-23 00:00:00,9.05,9.81,10.38,10.81,11.70,12.00,12.19,12.25,12.23,12.10
2009-04-24 00:00:00,8.92,9.62,10.17,10.61,11.61,11.97,12.18,12.23,12.21,12.09
2009-04-27 00:00:00,8.86,9.60,10.20,10.67,11.72,11.98,11.94,11.82,11.72,11.65
2009-04-29 00:00:00,8.53,9.25,9.84,10.30,11.33,11.61,11.65,11.59,11.55,11.50
2009-04-30 00:00:00,8.75,9.44,10.03,10.52,11.71,12.09,12.18,12.10,12.02,11.96
2009-05-04 00:00:00,8.45,9.23,9.90,10.45,11.78,12.17,12.18,12.05,11.93,11.85
2009-05-05 00:00:00,8.20,8.88,9.46,9.94,11.12,11.56,11.74,11.68,11.56,11.45
2009-05-06 00:00:00,8.31,9.02,9.59,10.06,11.19,11.62,11.82,11.79,11.68,11.55
2009-04-28 00:00:00,8.80,9.63,10.27,10.76,11.73,11.86,11.68,11.48,11.34,11.26
2009-05-08 00:00:00,7.87,8.52,9.07,9.54,10.78,11.35,11.75,11.81,11.75,11.60
2009-05-15 00:00:00,8.39,9.46,10.12,10.53,11.14,11.25,11.32,11.34,11.29,11.10
2009-05-14 00:00:00,8.10,8.96,9.63,10.16,11.29,11.60,11.65,11.58,11.48,11.34
2009-05-12 00:00:00,7.77,8.47,9.06,9.55,10.78,11.28,11.56,11.56,11.49,11.40
2009-05-20 00:00:00,8.05,8.84,9.48,9.98,11.09,11.41,11.46,11.40,11.34,11.30
2009-05-19 00:00:00,7.88,8.51,9.06,9.54,10.80,11.32,11.56,11.51,11.41,11.32
2009-05-07 00:00:00,8.20,8.90,9.48,9.96,11.10,11.55,11.78,11.77,11.67,11.54
2009-05-18 00:00:00,8.01,8.70,9.28,9.75,10.90,11.37,11.61,11.59,11.48,11.32
2009-05-22 00:00:00,7.99,8.68,9.25,9.74,10.98,11.56,11.94,11.98,11.90,11.73
2009-05-25 00:00:00,8.02,8.76,9.36,9.85,11.00,11.43,11.62,11.60,11.56,11.50
2009-05-26 00:00:00,8.09,8.88,9.52,10.03,11.22,11.66,11.86,11.84,11.75,11.62
2009-05-28 00:00:00,8.09,8.95,9.65,10.19,11.42,11.81,11.90,11.81,11.68,11.54
2009-05-27 00:00:00,7.94,8.71,9.33,9.84,11.07,11.57,11.84,11.86,11.79,11.64
2009-06-02 00:00:00,8.13,9.05,9.81,10.41,11.78,12.13,12.06,11.86,11.67,11.56
2009-06-03 00:00:00,7.98,8.80,9.49,10.05,11.43,11.91,11.99,11.85,11.69,11.58
2009-06-04 00:00:00,8.09,9.00,9.75,10.35,11.70,12.08,12.04,11.85,11.67,11.55
2009-05-13 00:00:00,7.64,8.46,9.11,9.62,10.77,11.14,11.27,11.24,11.17,11.02
2009-06-05 00:00:00,7.89,8.85,9.61,10.20,11.40,11.65,11.51,11.34,11.25,11.23
2009-05-29 00:00:00,7.91,8.72,9.42,10.00,11.44,11.95,12.10,11.99,11.86,11.73
2009-06-01 00:00:00,8.03,8.78,9.41,9.95,11.33,11.88,12.12,12.06,11.96,11.86
2009-06-09 00:00:00,7.64,8.56,9.31,9.92,11.26,11.62,11.56,11.40,11.31,11.29
2009-06-10 00:00:00,7.60,8.49,9.24,9.84,11.23,11.64,11.63,11.46,11.34,11.28
2009-06-11 00:00:00,7.95,9.04,9.86,10.46,11.58,11.73,11.52,11.35,11.26,11.24
2009-06-08 00:00:00,7.70,8.56,9.30,9.90,11.33,11.76,11.77,11.61,11.50,11.44
2009-06-15 00:00:00,7.94,9.02,9.84,10.45,11.65,11.85,11.68,11.49,11.35,11.28
2009-06-16 00:00:00,7.94,9.00,9.81,10.42,11.57,11.77,11.62,11.47,11.38,11.35
2009-05-21 00:00:00,7.95,8.73,9.37,9.88,11.06,11.49,11.65,11.60,11.47,11.31
2009-06-18 00:00:00,7.79,8.81,9.60,10.19,11.39,11.65,11.56,11.42,11.32,11.27
2009-06-22 00:00:00,7.93,8.99,9.79,10.38,11.53,11.78,11.71,11.57,11.42,11.29
2009-06-24 00:00:00,7.94,8.99,9.80,10.40,11.58,11.81,11.68,11.52,11.40,11.34
2009-06-25 00:00:00,7.53,8.40,9.12,9.71,11.08,11.54,11.63,11.52,11.42,11.36
2009-06-17 00:00:00,7.50,8.32,8.98,9.51,10.78,11.28,11.50,11.48,11.39,11.32
2009-06-23 00:00:00,7.94,9.00,9.81,10.42,11.63,11.84,11.67,11.49,11.38,11.34
2009-06-29 00:00:00,7.87,8.90,9.68,10.27,11.43,11.72,11.70,11.60,11.47,11.34
2009-06-26 00:00:00,8.07,9.20,10.02,10.62,11.68,11.82,11.65,11.50,11.39,11.32
2009-07-01 00:00:00,8.13,9.18,9.97,10.56,11.71,11.92,11.77,11.65,11.63,11.62
2009-06-30 00:00:00,7.98,9.02,9.81,10.41,11.58,11.84,11.77,11.64,11.52,11.42
2009-07-07 00:00:00,8.07,9.09,9.86,10.45,11.62,11.91,11.86,11.76,11.67,11.59
2009-07-06 00:00:00,7.93,8.84,9.59,10.20,11.65,12.15,12.24,12.09,11.89,11.70
2009-07-08 00:00:00,8.08,9.04,9.80,10.38,11.61,11.95,11.95,11.87,11.81,11.74
2009-07-09 00:00:00,7.89,8.79,9.51,10.09,11.40,11.86,11.95,11.81,11.63,11.45
2009-07-10 00:00:00,8.04,9.02,9.79,10.39,11.66,12.02,12.00,11.83,11.61,11.40
2009-07-03 00:00:00,7.92,8.91,9.70,10.33,11.68,12.01,11.86,11.62,11.46,11.39
2009-07-13 00:00:00,7.97,8.90,9.63,10.20,11.46,11.87,11.95,11.84,11.67,11.47
2009-07-15 00:00:00,7.96,8.79,9.49,10.06,11.50,12.06,12.26,12.14,11.93,11.71
2009-07-14 00:00:00,8.00,8.95,9.68,10.26,11.52,11.91,11.94,11.80,11.62,11.43
2009-07-17 00:00:00,7.86,8.66,9.33,9.89,11.29,11.89,12.12,11.99,11.75,11.51
2009-07-16 00:00:00,8.06,8.92,9.62,10.21,11.62,12.16,12.29,12.13,11.93,11.77
2009-07-20 00:00:00,7.92,8.70,9.35,9.89,11.28,11.88,12.15,12.06,11.84,11.59
2009-07-21 00:00:00,7.97,8.78,9.45,10.00,11.38,11.95,12.17,12.06,11.85,11.61
2009-06-19 00:00:00,7.83,8.88,9.69,10.29,11.46,11.71,11.63,11.50,11.38,11.29
2009-07-22 00:00:00,8.06,8.91,9.61,10.17,11.48,11.96,12.07,11.95,11.79,11.62
2009-07-23 00:00:00,8.03,8.87,9.56,10.12,11.47,12.00,12.18,12.06,11.85,11.59
2009-07-24 00:00:00,8.06,8.88,9.55,10.10,11.44,11.97,12.15,12.03,11.83,11.64
2009-07-02 00:00:00,7.96,8.93,9.69,10.29,11.55,11.91,11.90,11.74,11.56,11.41
2009-07-27 00:00:00,8.05,8.81,9.46,10.00,11.39,12.00,12.28,12.20,12.00,11.80
2009-07-28 00:00:00,8.10,8.87,9.53,10.07,11.45,12.05,12.31,12.22,12.03,11.83
2009-07-29 00:00:00,8.25,9.04,9.70,10.24,11.61,12.16,12.34,12.20,12.00,11.80
2009-07-31 00:00:00,7.95,8.70,9.35,9.90,11.35,12.01,12.34,12.26,12.06,11.84
2009-08-03 00:00:00,7.99,8.75,9.40,9.95,11.36,11.97,12.26,12.18,12.00,11.81
2009-08-04 00:00:00,8.15,8.90,9.51,10.03,11.35,11.96,12.26,12.18,12.00,11.81
2009-08-05 00:00:00,8.27,9.02,9.64,10.16,11.48,12.05,12.30,12.20,12.00,11.79
2009-08-06 00:00:00,8.32,8.98,9.54,10.02,11.32,11.98,12.37,12.33,12.14,11.90
2009-08-07 00:00:00,8.16,8.83,9.40,9.90,11.28,11.98,12.42,12.41,12.23,11.99
2009-07-30 00:00:00,7.94,8.66,9.29,9.83,11.29,11.97,12.33,12.25,12.06,11.85
2009-08-10 00:00:00,8.43,9.06,9.59,10.05,11.30,11.95,12.38,12.39,12.23,12.01
2009-08-11 00:00:00,8.27,8.92,9.49,9.97,11.28,11.93,12.34,12.31,12.14,11.91
2009-08-12 00:00:00,8.42,9.05,9.58,10.03,11.28,11.92,12.34,12.33,12.15,11.93
2009-08-14 00:00:00,8.62,9.27,9.82,10.27,11.46,12.03,12.32,12.25,12.05,11.83
2009-08-17 00:00:00,8.65,9.26,9.77,10.21,11.39,12.00,12.38,12.34,12.15,11.91
2009-08-18 00:00:00,8.64,9.28,9.81,10.25,11.41,11.99,12.31,12.25,12.06,11.83
2009-08-21 00:00:00,8.62,9.23,9.75,10.19,11.37,11.96,12.29,12.22,12.01,11.77
2009-08-19 00:00:00,8.74,9.34,9.85,10.29,11.47,12.06,12.41,12.37,12.17,11.93
2009-08-13 00:00:00,8.45,9.05,9.55,10.00,11.23,11.90,12.37,12.37,12.20,11.96
2009-08-24 00:00:00,8.67,9.31,9.84,10.28,11.43,11.98,12.25,12.17,11.97,11.74
2009-08-25 00:00:00,8.71,9.34,9.86,10.28,11.39,11.92,12.20,12.13,11.95,11.72
2009-08-20 00:00:00,8.63,9.26,9.79,10.24,11.46,12.05,12.34,12.25,12.01,11.76
2009-08-27 00:00:00,8.63,9.24,9.77,10.20,11.35,11.91,12.26,12.23,12.06,11.82
2009-08-26 00:00:00,8.47,9.03,9.54,9.98,11.27,11.96,12.43,12.42,12.23,11.94
2009-09-01 00:00:00,8.73,9.34,9.84,10.27,11.36,11.88,12.17,12.13,11.98,11.77
2009-09-03 00:00:00,8.74,9.32,9.81,10.22,11.30,11.82,12.13,12.11,11.99,11.80
2009-08-31 00:00:00,8.65,9.23,9.71,10.11,11.20,11.77,12.15,12.16,12.02,11.80
2009-09-02 00:00:00,8.64,9.19,9.67,10.07,11.14,11.70,12.11,12.14,12.03,11.82
2009-08-28 00:00:00,8.67,9.28,9.79,10.21,11.32,11.86,12.19,12.17,12.02,11.81
2009-09-07 00:00:00,8.71,9.22,9.65,10.03,11.05,11.62,12.09,12.17,12.08,11.86
2009-09-10 00:00:00,8.32,8.77,9.17,9.52,10.57,11.21,11.81,11.96,11.88,11.65
2009-09-08 00:00:00,8.58,9.09,9.52,9.88,10.89,11.48,11.97,12.05,11.94,11.71
2009-09-04 00:00:00,8.68,9.22,9.67,10.05,11.07,11.62,12.06,12.13,12.03,11.82
2009-09-16 00:00:00,8.59,9.03,9.42,9.76,10.76,11.37,11.94,12.07,11.97,11.66
2009-09-17 00:00:00,8.40,8.79,9.14,9.45,10.40,11.02,11.66,11.86,11.84,11.61
2009-09-18 00:00:00,8.46,8.88,9.24,9.57,10.55,11.15,11.73,11.88,11.82,11.57
2009-09-14 00:00:00,8.49,8.89,9.25,9.56,10.49,11.07,11.71,11.93,11.94,11.75
2009-09-22 00:00:00,8.45,8.85,9.22,9.54,10.51,11.10,11.69,11.89,11.87,11.66
2009-09-09 00:00:00,8.39,8.89,9.33,9.71,10.79,11.40,11.90,11.96,11.82,11.58
2009-09-15 00:00:00,8.42,8.90,9.33,9.71,10.81,11.44,11.96,12.03,11.87,11.52
2009-09-23 00:00:00,8.28,8.67,9.03,9.35,10.32,10.93,11.57,11.78,11.78,11.58
2009-09-24 00:00:00,8.25,8.67,9.04,9.37,10.35,10.96,11.57,11.77,11.75,11.54
2009-09-11 00:00:00,8.46,8.87,9.23,9.56,10.54,11.17,11.82,12.03,12.01,11.80
2009-09-25 00:00:00,8.19,8.60,8.97,9.31,10.33,10.97,11.64,11.85,11.83,11.60
2009-09-21 00:00:00,8.46,8.85,9.20,9.51,10.46,11.06,11.67,11.86,11.84,11.63
2009-09-28 00:00:00,8.44,8.92,9.35,9.72,10.78,11.34,11.77,11.83,11.73,11.53
2009-10-02 00:00:00,7.76,8.22,8.64,8.99,10.03,10.62,11.16,11.28,11.25,11.09
2009-10-05 00:00:00,7.77,8.27,8.70,9.07,10.07,10.63,11.10,11.18,11.09,10.90
2009-10-01 00:00:00,8.02,8.42,8.78,9.08,10.00,10.60,11.26,11.49,11.49,11.29
2009-10-07 00:00:00,7.13,7.56,7.92,8.23,9.03,9.45,9.87,10.05,10.13,10.07
2009-10-08 00:00:00,7.18,7.54,7.85,8.12,8.85,9.27,9.73,9.94,10.03,9.97
2009-10-09 00:00:00,7.21,7.59,7.91,8.19,8.94,9.37,9.83,10.01,10.05,9.93
2009-09-30 00:00:00,8.11,8.52,8.88,9.21,10.20,10.82,11.47,11.69,11.68,11.47
2009-10-12 00:00:00,7.27,7.63,7.93,8.19,8.91,9.32,9.73,9.88,9.92,9.83
2009-10-13 00:00:00,7.23,7.58,7.88,8.13,8.83,9.22,9.58,9.68,9.67,9.54
2009-10-06 00:00:00,7.45,7.90,8.29,8.63,9.58,10.12,10.61,10.74,10.70,10.54
2009-10-15 00:00:00,7.06,7.36,7.61,7.82,8.39,8.74,9.14,9.33,9.40,9.34
2009-10-16 00:00:00,7.12,7.38,7.60,7.77,8.22,8.51,8.92,9.17,9.31,9.29
2009-10-19 00:00:00,7.27,7.54,7.76,7.95,8.43,8.69,9.03,9.21,9.30,9.24
2009-09-29 00:00:00,8.11,8.53,8.91,9.26,10.29,10.92,11.57,11.78,11.76,11.55
2009-10-20 00:00:00,7.26,7.49,7.67,7.82,8.20,8.44,8.83,9.09,9.27,9.28
2009-10-21 00:00:00,7.24,7.47,7.66,7.81,8.19,8.41,8.76,8.99,9.14,9.13
2009-10-22 00:00:00,7.31,7.53,7.71,7.86,8.25,8.50,8.86,9.08,9.21,9.18
2009-10-23 00:00:00,7.15,7.38,7.57,7.73,8.18,8.47,8.87,9.09,9.20,9.13
2009-10-14 00:00:00,6.97,7.33,7.64,7.89,8.54,8.86,9.17,9.28,9.31,9.23
2009-10-27 00:00:00,7.29,7.54,7.76,7.94,8.44,8.73,9.06,9.20,9.24,9.16
2009-10-26 00:00:00,7.16,7.40,7.60,7.78,8.25,8.55,8.94,9.15,9.23,9.14
2009-10-28 00:00:00,7.40,7.64,7.85,8.02,8.51,8.81,9.10,9.21,9.26,9.22
2009-10-29 00:00:00,7.35,7.62,7.86,8.05,8.57,8.85,9.16,9.29,9.32,9.24
2009-11-02 00:00:00,7.17,7.43,7.67,7.87,8.42,8.74,9.11,9.27,9.33,9.27
2009-11-03 00:00:00,7.19,7.49,7.74,7.96,8.54,8.87,9.19,9.29,9.28,9.18
2009-11-05 00:00:00,7.15,7.47,7.74,7.96,8.53,8.85,9.15,9.23,9.21,9.09
2009-11-11 00:00:00,7.13,7.37,7.57,7.73,8.13,8.36,8.70,8.94,9.14,9.21
2009-11-06 00:00:00,7.09,7.40,7.66,7.87,8.38,8.65,8.94,9.09,9.17,9.16
2009-11-12 00:00:00,7.03,7.26,7.45,7.61,8.03,8.30,8.71,8.99,9.22,9.30
2009-10-30 00:00:00,7.23,7.49,7.72,7.92,8.42,8.72,9.05,9.21,9.26,9.17
2009-11-09 00:00:00,7.28,7.52,7.71,7.87,8.28,8.55,8.93,9.15,9.26,9.25
2009-11-18 00:00:00,6.63,6.86,7.08,7.26,7.79,8.14,8.61,8.90,9.13,9.20
2009-11-10 00:00:00,7.24,7.49,7.68,7.84,8.20,8.40,8.71,8.90,9.03,9.04
2009-11-17 00:00:00,6.83,7.06,7.26,7.43,7.91,8.21,8.62,8.87,9.05,9.09
2009-11-13 00:00:00,6.87,7.13,7.35,7.53,8.04,8.33,8.72,8.96,9.16,9.24
2009-11-24 00:00:00,6.76,6.95,7.12,7.26,7.65,7.90,8.33,8.67,8.97,9.11
2009-11-27 00:00:00,6.91,7.07,7.23,7.37,7.84,8.18,8.62,8.89,9.15,9.34
2009-11-19 00:00:00,6.73,6.96,7.16,7.33,7.79,8.07,8.50,8.81,9.06,9.15
2009-11-20 00:00:00,6.67,6.89,7.08,7.24,7.69,7.97,8.42,8.76,9.07,9.23
2009-11-25 00:00:00,6.78,6.95,7.10,7.24,7.62,7.90,8.37,8.72,9.03,9.18
2009-11-23 00:00:00,6.68,6.91,7.12,7.29,7.78,8.08,8.51,8.80,9.04,9.13
2009-11-26 00:00:00,6.75,6.91,7.07,7.21,7.65,7.98,8.43,8.73,9.01,9.21
2009-11-30 00:00:00,6.79,6.98,7.15,7.31,7.79,8.14,8.66,8.99,9.23,9.32
2009-12-01 00:00:00,6.67,6.86,7.05,7.22,7.77,8.15,8.65,8.90,9.04,9.04
2009-12-03 00:00:00,6.61,6.81,7.00,7.16,7.65,7.98,8.46,8.77,8.98,9.04
2009-12-04 00:00:00,6.73,6.90,7.06,7.20,7.66,7.99,8.42,8.69,8.95,9.15
2009-11-16 00:00:00,6.81,7.04,7.24,7.41,7.91,8.25,8.72,9.03,9.28,9.37
2009-12-09 00:00:00,6.48,6.75,6.98,7.19,7.81,8.20,8.68,8.94,9.12,9.18
2009-12-10 00:00:00,6.52,6.77,6.99,7.18,7.77,8.14,8.60,8.86,9.04,9.11
2009-12-14 00:00:00,6.47,6.70,6.91,7.09,7.65,8.02,8.52,8.80,9.00,9.08
2009-12-16 00:00:00,6.36,6.61,6.84,7.04,7.64,8.06,8.54,8.77,8.90,8.97
2009-12-15 00:00:00,6.31,6.58,6.83,7.05,7.72,8.14,8.63,8.87,9.01,9.05
2009-12-02 00:00:00,6.77,6.96,7.14,7.29,7.74,8.03,8.44,8.72,8.96,9.07
2009-12-18 00:00:00,6.44,6.67,6.88,7.07,7.64,8.03,8.53,8.80,8.98,9.07
2009-12-08 00:00:00,6.07,6.36,6.63,6.87,7.59,8.05,8.59,8.86,9.03,9.11
2009-12-21 00:00:00,6.14,6.43,6.68,6.91,7.56,7.98,8.53,8.83,9.04,9.13
2009-12-23 00:00:00,6.26,6.55,6.81,7.03,7.66,8.07,8.56,8.79,8.91,8.93
2009-12-24 00:00:00,6.27,6.53,6.76,6.96,7.57,7.97,8.46,8.70,8.85,8.93
2009-12-25 00:00:00,6.16,6.43,6.68,6.89,7.50,7.90,8.37,8.63,8.84,9.02
2009-12-11 00:00:00,6.50,6.73,6.94,7.11,7.65,8.03,8.53,8.81,8.99,9.04
2009-12-07 00:00:00,6.37,6.63,6.88,7.09,7.72,8.10,8.57,8.82,9.00,9.06
2009-12-29 00:00:00,6.14,6.43,6.68,6.91,7.59,8.04,8.58,8.83,8.98,9.05
2009-12-17 00:00:00,6.43,6.68,6.91,7.11,7.74,8.15,8.64,8.87,9.01,9.07
2009-12-22 00:00:00,6.17,6.47,6.74,6.97,7.66,8.11,8.65,8.92,9.09,9.14
2010-01-11 00:00:00,5.81,6.02,6.21,6.37,6.89,7.31,7.90,8.25,8.52,8.67
2009-12-28 00:00:00,6.16,6.44,6.70,6.93,7.67,8.17,8.71,8.92,9.01,9.06
2010-01-12 00:00:00,5.85,6.06,6.25,6.42,6.92,7.27,7.74,8.04,8.33,8.52
2010-01-13 00:00:00,5.75,5.96,6.14,6.30,6.82,7.19,7.69,8.02,8.34,8.59
2009-12-30 00:00:00,5.97,6.30,6.59,6.84,7.57,8.00,8.40,8.54,8.66,8.79
2010-01-15 00:00:00,5.80,6.01,6.20,6.38,6.93,7.31,7.80,8.09,8.34,8.53
2010-01-14 00:00:00,5.74,5.95,6.13,6.30,6.81,7.16,7.61,7.89,8.17,8.41
2010-01-20 00:00:00,5.81,5.98,6.14,6.29,6.77,7.13,7.61,7.89,8.12,8.31
2010-01-18 00:00:00,5.87,6.06,6.23,6.39,6.91,7.30,7.85,8.16,8.39,8.54
2010-01-19 00:00:00,5.86,6.05,6.23,6.39,6.91,7.28,7.73,7.99,8.22,8.43
2010-01-22 00:00:00,5.76,5.99,6.20,6.39,6.96,7.32,7.74,7.95,8.12,8.27
2010-01-26 00:00:00,5.65,5.90,6.13,6.33,6.93,7.32,7.76,7.98,8.17,8.35
2010-01-27 00:00:00,5.67,5.92,6.15,6.35,6.95,7.34,7.79,8.02,8.22,8.38
2010-01-28 00:00:00,5.74,5.99,6.20,6.39,6.96,7.32,7.70,7.91,8.13,8.36
2010-01-29 00:00:00,5.59,5.83,6.06,6.26,6.86,7.25,7.67,7.90,8.12,8.33
2010-01-25 00:00:00,5.73,5.96,6.17,6.36,6.92,7.31,7.78,8.03,8.24,8.39
2010-02-01 00:00:00,5.64,5.89,6.12,6.32,6.91,7.30,7.72,7.94,8.13,8.31
2010-02-03 00:00:00,5.59,5.80,6.00,6.18,6.75,7.14,7.58,7.79,7.99,8.19
2010-02-05 00:00:00,5.53,5.78,6.00,6.20,6.83,7.24,7.69,7.90,8.06,8.21
2010-01-21 00:00:00,5.87,6.07,6.25,6.42,6.94,7.30,7.77,8.02,8.20,8.32
2010-02-04 00:00:00,5.56,5.79,6.01,6.20,6.79,7.19,7.63,7.84,7.99,8.12
2010-02-09 00:00:00,5.51,5.76,5.99,6.20,6.85,7.28,7.75,7.95,8.08,8.16
2010-02-02 00:00:00,5.71,5.94,6.15,6.33,6.91,7.29,7.73,7.97,8.19,8.39
2010-02-10 00:00:00,5.39,5.68,5.94,6.17,6.84,7.24,7.64,7.81,7.94,8.06
2010-02-11 00:00:00,5.38,5.69,5.96,6.20,6.90,7.32,7.74,7.91,8.02,8.12
2010-02-16 00:00:00,5.54,5.81,6.05,6.26,6.87,7.28,7.72,7.91,8.03,8.11
2010-02-15 00:00:00,5.46,5.75,6.01,6.23,6.87,7.26,7.65,7.82,7.95,8.07
2010-02-12 00:00:00,5.52,5.80,6.05,6.26,6.88,7.29,7.72,7.91,8.02,8.13
2010-02-08 00:00:00,5.55,5.79,6.00,6.20,6.82,7.27,7.79,8.03,8.17,8.25
2010-02-18 00:00:00,5.47,5.76,6.01,6.22,6.84,7.21,7.57,7.73,7.88,8.02
2010-02-17 00:00:00,5.51,5.78,6.01,6.21,6.81,7.18,7.56,7.73,7.88,8.01
2010-02-19 00:00:00,5.32,5.62,5.88,6.11,6.78,7.17,7.54,7.70,7.84,7.99
2010-02-24 00:00:00,5.41,5.68,5.92,6.13,6.77,7.20,7.69,7.93,8.09,8.19
2010-02-27 00:00:00,5.29,5.57,5.81,6.02,6.68,7.13,7.62,7.84,7.97,8.03
2010-02-26 00:00:00,5.37,5.64,5.89,6.10,6.73,7.12,7.50,7.68,7.85,8.01
2010-02-25 00:00:00,5.44,5.72,5.96,6.18,6.82,7.21,7.58,7.74,7.89,8.03
2010-03-01 00:00:00,5.25,5.53,5.77,5.98,6.63,7.06,7.56,7.79,7.93,8.00
2010-03-02 00:00:00,5.23,5.48,5.71,5.91,6.51,6.89,7.28,7.46,7.64,7.83
2010-03-03 00:00:00,5.09,5.37,5.62,5.85,6.50,6.88,7.23,7.37,7.49,7.63
2010-03-04 00:00:00,5.14,5.39,5.61,5.81,6.42,6.84,7.32,7.57,7.74,7.85
2010-03-05 00:00:00,4.98,5.27,5.54,5.77,6.46,6.88,7.32,7.51,7.64,7.73
2010-03-09 00:00:00,5.06,5.31,5.53,5.72,6.34,6.77,7.27,7.50,7.66,7.77
2010-03-10 00:00:00,5.07,5.30,5.51,5.69,6.27,6.67,7.14,7.37,7.53,7.65
2010-03-12 00:00:00,4.99,5.23,5.45,5.65,6.25,6.64,7.07,7.28,7.44,7.57
2010-03-15 00:00:00,5.00,5.25,5.48,5.68,6.28,6.65,7.03,7.20,7.37,7.53
2010-03-11 00:00:00,5.00,5.25,5.47,5.68,6.31,6.71,7.15,7.34,7.48,7.59
2010-03-18 00:00:00,4.82,5.05,5.25,5.44,6.03,6.43,6.91,7.17,7.39,7.58
2010-03-23 00:00:00,4.83,5.06,5.27,5.47,6.07,6.46,6.90,7.13,7.33,7.50
2010-03-16 00:00:00,4.97,5.21,5.42,5.62,6.22,6.62,7.07,7.31,7.51,7.69
2010-03-19 00:00:00,4.89,5.11,5.30,5.48,6.06,6.45,6.94,7.21,7.44,7.63
2010-03-26 00:00:00,4.69,4.94,5.17,5.37,6.01,6.41,6.85,7.06,7.25,7.43
2010-03-24 00:00:00,4.72,4.94,5.15,5.35,5.96,6.38,6.86,7.11,7.32,7.51
2010-03-22 00:00:00,4.85,5.07,5.27,5.46,6.06,6.47,6.92,7.15,7.34,7.50
2010-03-30 00:00:00,4.67,4.93,5.16,5.36,6.00,6.40,6.88,7.13,7.36,7.53
2010-03-29 00:00:00,4.69,4.93,5.15,5.35,5.99,6.44,6.97,7.22,7.41,7.55
2010-03-25 00:00:00,4.63,4.85,5.06,5.26,5.91,6.38,6.96,7.30,7.59,7.81
2010-03-17 00:00:00,4.79,5.01,5.21,5.40,6.00,6.43,6.93,7.19,7.40,7.59
2010-04-02 00:00:00,4.46,4.69,4.90,5.09,5.70,6.12,6.64,6.94,7.21,7.45
2010-04-06 00:00:00,4.31,4.54,4.75,4.94,5.58,6.04,6.61,6.92,7.17,7.36
2010-04-07 00:00:00,4.28,4.52,4.73,4.93,5.55,6.00,6.56,6.88,7.14,7.33
2010-03-31 00:00:00,4.59,4.82,5.03,5.22,5.83,6.26,6.76,7.04,7.29,7.50
2010-04-09 00:00:00,4.14,4.40,4.65,4.87,5.58,6.09,6.69,7.00,7.22,7.36
2010-04-05 00:00:00,4.41,4.64,4.85,5.04,5.64,6.10,6.71,7.03,7.26,7.39
2010-04-13 00:00:00,4.04,4.36,4.64,4.90,5.68,6.18,6.74,7.02,7.22,7.37
2010-04-14 00:00:00,3.96,4.28,4.57,4.83,5.61,6.12,6.68,6.96,7.18,7.34
2010-04-08 00:00:00,4.27,4.52,4.75,4.95,5.61,6.07,6.66,6.98,7.24,7.40
2010-04-16 00:00:00,3.90,4.28,4.61,4.90,5.75,6.25,6.76,7.01,7.21,7.36
2010-04-12 00:00:00,4.14,4.39,4.63,4.84,5.53,6.02,6.62,6.95,7.20,7.37
2010-04-20 00:00:00,3.85,4.26,4.61,4.93,5.83,6.34,6.82,7.04,7.21,7.35
2010-04-23 00:00:00,4.66,4.94,5.18,5.41,6.13,6.60,7.05,7.23,7.37,7.49
2010-04-15 00:00:00,3.79,4.13,4.45,4.74,5.63,6.16,6.73,6.99,7.18,7.31
2010-04-19 00:00:00,3.87,4.28,4.64,4.95,5.86,6.35,6.80,7.00,7.18,7.34
2010-04-21 00:00:00,3.77,4.16,4.50,4.81,5.71,6.25,6.77,7.01,7.20,7.36
2010-04-26 00:00:00,4.23,4.52,4.79,5.04,5.84,6.33,6.82,7.04,7.22,7.35
2010-04-01 00:00:00,4.49,4.75,4.98,5.20,5.90,6.38,7.00,7.36,7.69,7.93
2010-04-28 00:00:00,4.40,4.73,5.05,5.34,6.26,6.81,7.43,7.74,8.00,8.18
2010-04-27 00:00:00,4.66,5.01,5.34,5.63,6.52,7.08,7.67,7.95,8.16,8.27
2010-04-29 00:00:00,4.00,4.36,4.70,5.00,5.92,6.46,6.98,7.21,7.40,7.59
2010-04-30 00:00:00,4.02,4.43,4.80,5.13,6.06,6.58,7.05,7.25,7.43,7.58
2010-04-22 00:00:00,3.87,4.30,4.68,5.01,5.93,6.43,6.89,7.07,7.21,7.33
2010-05-07 00:00:00,3.92,4.47,4.94,5.36,6.50,7.10,7.60,7.79,7.94,8.05
2010-05-06 00:00:00,3.75,4.32,4.81,5.23,6.37,6.93,7.35,7.48,7.60,7.71
2010-05-05 00:00:00,3.91,4.44,4.90,5.28,6.35,6.92,7.45,7.68,7.86,7.98
2010-05-14 00:00:00,3.51,4.10,4.61,5.04,6.16,6.73,7.18,7.34,7.48,7.58
2010-05-11 00:00:00,3.96,4.49,4.94,5.33,6.42,7.02,7.59,7.85,8.07,8.19
2010-05-13 00:00:00,3.56,4.15,4.65,5.08,6.23,6.80,7.21,7.33,7.43,7.55
2010-05-17 00:00:00,3.56,4.13,4.61,5.02,6.13,6.71,7.21,7.42,7.61,7.77
2010-05-19 00:00:00,3.50,4.06,4.53,4.94,6.08,6.71,7.30,7.53,7.68,7.78
2010-05-20 00:00:00,3.69,4.21,4.66,5.05,6.15,6.79,7.38,7.61,7.75,7.84
2010-05-21 00:00:00,3.51,4.07,4.55,4.97,6.15,6.80,7.34,7.53,7.64,7.74
2010-05-04 00:00:00,3.87,4.31,4.69,5.04,6.02,6.56,7.01,7.18,7.36,7.54
2010-05-24 00:00:00,3.51,4.13,4.66,5.11,6.31,6.90,7.36,7.52,7.65,7.78
2010-05-25 00:00:00,3.59,4.17,4.68,5.12,6.36,7.02,7.64,7.91,8.11,8.22
2010-05-27 00:00:00,3.55,4.09,4.57,4.98,6.15,6.79,7.36,7.59,7.77,7.93
2010-05-26 00:00:00,3.52,4.08,4.57,5.00,6.23,6.92,7.55,7.78,7.92,8.02
2010-05-31 00:00:00,3.62,4.09,4.51,4.89,5.99,6.66,7.32,7.59,7.77,7.89
2010-06-01 00:00:00,3.66,4.15,4.57,4.95,6.05,6.73,7.41,7.70,7.87,7.98
2010-05-28 00:00:00,3.57,4.03,4.43,4.79,5.87,6.54,7.27,7.64,7.95,8.18
2010-06-04 00:00:00,3.48,4.03,4.51,4.92,6.08,6.73,7.35,7.63,7.88,8.07
2010-06-02 00:00:00,3.58,4.09,4.53,4.91,6.00,6.63,7.26,7.53,7.72,7.85
2010-06-08 00:00:00,3.44,3.96,4.42,4.82,5.96,6.63,7.30,7.61,7.88,8.07
2010-06-09 00:00:00,3.41,3.95,4.41,4.82,5.97,6.63,7.29,7.59,7.85,8.03
2010-06-10 00:00:00,3.39,3.95,4.43,4.85,6.03,6.71,7.38,7.68,7.92,8.08
2010-06-11 00:00:00,3.31,3.83,4.30,4.70,5.86,6.54,7.22,7.53,7.79,7.98
2010-06-15 00:00:00,3.31,3.84,4.29,4.69,5.86,6.55,7.24,7.56,7.82,8.01
2010-06-16 00:00:00,3.30,3.80,4.24,4.63,5.77,6.46,7.16,7.48,7.75,7.94
2010-06-17 00:00:00,3.32,3.85,4.30,4.70,5.85,6.53,7.17,7.45,7.69,7.90
2010-06-22 00:00:00,3.42,3.84,4.22,4.57,5.63,6.33,7.12,7.53,7.84,8.04
2010-06-21 00:00:00,3.26,3.77,4.22,4.61,5.76,6.45,7.14,7.45,7.71,7.90
2010-06-23 00:00:00,3.51,3.99,4.41,4.78,5.89,6.57,7.27,7.60,7.85,8.04
2010-06-24 00:00:00,3.45,3.95,4.38,4.77,5.90,6.60,7.31,7.64,7.89,8.04
2010-06-25 00:00:00,3.44,3.92,4.34,4.72,5.84,6.53,7.23,7.54,7.76,7.91
2010-06-28 00:00:00,3.36,3.84,4.27,4.65,5.80,6.49,7.09,7.28,7.37,7.45
2010-06-29 00:00:00,3.37,3.84,4.27,4.64,5.75,6.39,6.97,7.19,7.35,7.49
2010-06-30 00:00:00,3.34,3.78,4.18,4.53,5.64,6.36,7.07,7.36,7.54,7.66
2010-07-01 00:00:00,3.26,3.76,4.20,4.60,5.81,6.52,7.15,7.34,7.41,7.47
2010-05-12 00:00:00,3.67,4.17,4.60,4.97,6.00,6.56,7.05,7.27,7.50,7.71
2010-07-02 00:00:00,3.40,3.93,4.39,4.79,5.97,6.64,7.19,7.34,7.42,7.51
2010-07-05 00:00:00,3.43,3.91,4.34,4.72,5.85,6.53,7.17,7.39,7.49,7.55
2010-07-07 00:00:00,3.37,3.83,4.24,4.61,5.73,6.41,7.04,7.26,7.42,7.56
2010-07-06 00:00:00,3.48,3.96,4.39,4.77,5.90,6.60,7.23,7.42,7.49,7.55
2010-07-08 00:00:00,3.33,3.83,4.28,4.67,5.83,6.51,7.09,7.28,7.41,7.54
2010-07-09 00:00:00,3.29,3.80,4.25,4.65,5.81,6.48,7.04,7.23,7.37,7.52
2010-07-13 00:00:00,3.20,3.71,4.17,4.57,5.76,6.46,7.07,7.27,7.40,7.51
2010-07-14 00:00:00,3.18,3.67,4.12,4.52,5.69,6.39,7.00,7.21,7.35,7.49
2010-07-15 00:00:00,3.20,3.76,4.25,4.68,5.89,6.55,7.09,7.25,7.37,7.49
2010-07-16 00:00:00,3.08,3.60,4.07,4.48,5.70,6.40,7.03,7.25,7.39,7.49
2010-05-18 00:00:00,3.59,4.13,4.58,4.97,6.01,6.60,7.19,7.44,7.61,7.72
2010-07-19 00:00:00,3.13,3.65,4.10,4.51,5.70,6.39,7.02,7.24,7.39,7.53
2010-07-20 00:00:00,3.08,3.61,4.08,4.49,5.69,6.38,6.97,7.16,7.30,7.47
2010-07-21 00:00:00,3.07,3.63,4.12,4.56,5.80,6.51,7.14,7.35,7.45,7.53
2010-07-22 00:00:00,3.04,3.59,4.07,4.49,5.72,6.44,7.10,7.33,7.47,7.56
2010-07-23 00:00:00,3.07,3.62,4.10,4.52,5.72,6.41,7.04,7.26,7.40,7.52
2010-06-07 00:00:00,3.73,4.11,4.46,4.78,5.81,6.54,7.48,8.03,8.53,8.89
2010-07-26 00:00:00,3.00,3.52,3.99,4.41,5.62,6.33,6.99,7.25,7.42,7.56
2010-07-28 00:00:00,3.02,3.57,4.06,4.48,5.70,6.41,7.10,7.36,7.51,7.60
2010-07-27 00:00:00,3.04,3.60,4.08,4.51,5.73,6.43,7.10,7.38,7.56,7.68
2010-07-29 00:00:00,3.02,3.55,4.02,4.43,5.64,6.37,7.08,7.36,7.50,7.59
2010-07-12 00:00:00,3.23,3.74,4.20,4.61,5.80,6.49,7.07,7.25,7.38,7.50
2010-08-03 00:00:00,3.01,3.53,3.99,4.39,5.58,6.28,6.94,7.20,7.38,7.52
2010-08-02 00:00:00,3.13,3.66,4.12,4.53,5.70,6.41,7.09,7.35,7.48,7.54
2010-07-30 00:00:00,3.15,3.62,4.04,4.41,5.54,6.23,6.93,7.22,7.41,7.55
2010-06-18 00:00:00,3.37,3.91,4.38,4.78,5.95,6.61,7.23,7.51,7.74,7.93
2010-08-06 00:00:00,3.11,3.62,4.08,4.49,5.68,6.39,7.06,7.30,7.45,7.56
2010-08-05 00:00:00,3.12,3.63,4.08,4.48,5.68,6.43,7.17,7.46,7.60,7.67
2010-08-10 00:00:00,3.08,3.58,4.03,4.43,5.62,6.35,7.10,7.40,7.55,7.62
2010-08-09 00:00:00,3.16,3.65,4.09,4.48,5.65,6.38,7.14,7.46,7.63,7.72
2010-08-12 00:00:00,3.12,3.64,4.10,4.51,5.72,6.44,7.14,7.42,7.57,7.64
2010-08-13 00:00:00,3.13,3.66,4.13,4.54,5.73,6.42,7.09,7.37,7.54,7.64
2010-08-16 00:00:00,3.39,3.86,4.27,4.64,5.77,6.46,7.15,7.41,7.55,7.64
2010-08-17 00:00:00,3.38,3.85,4.27,4.65,5.76,6.44,7.11,7.38,7.53,7.62
2010-08-18 00:00:00,3.59,4.02,4.40,4.74,5.77,6.40,7.03,7.29,7.47,7.61
2010-08-19 00:00:00,3.62,4.02,4.39,4.73,5.77,6.44,7.13,7.41,7.57,7.65
2010-08-20 00:00:00,3.56,3.96,4.33,4.66,5.70,6.37,7.06,7.34,7.50,7.59
2010-08-25 00:00:00,3.68,4.10,4.47,4.81,5.84,6.48,7.11,7.35,7.51,7.63
2010-08-23 00:00:00,3.58,4.00,4.38,4.72,5.79,6.47,7.16,7.41,7.52,7.58
2010-08-11 00:00:00,3.18,3.70,4.16,4.56,5.73,6.43,7.10,7.38,7.56,7.68
2010-08-26 00:00:00,3.56,3.98,4.37,4.71,5.75,6.38,6.99,7.24,7.41,7.56
2010-06-03 00:00:00,3.61,4.13,4.59,4.98,6.11,6.77,7.44,7.77,8.06,8.28
2010-08-04 00:00:00,3.13,3.67,4.15,4.57,5.78,6.48,7.09,7.30,7.43,7.54
2010-08-27 00:00:00,3.61,4.03,4.40,4.74,5.74,6.36,6.98,7.23,7.42,7.57
2010-08-30 00:00:00,3.53,3.98,4.37,4.72,5.75,6.38,7.00,7.26,7.45,7.61
2010-09-01 00:00:00,3.44,3.91,4.33,4.70,5.79,6.45,7.10,7.35,7.50,7.61
2010-08-31 00:00:00,3.41,3.87,4.28,4.64,5.75,6.44,7.10,7.34,7.48,7.58
2010-09-06 00:00:00,3.36,3.85,4.27,4.65,5.76,6.45,7.12,7.38,7.53,7.63
2010-09-07 00:00:00,3.37,3.87,4.31,4.70,5.84,6.52,7.16,7.39,7.53,7.62
2010-08-24 00:00:00,3.61,4.06,4.46,4.82,5.90,6.56,7.18,7.39,7.48,7.55
2010-09-08 00:00:00,3.41,3.91,4.34,4.73,5.87,6.57,7.26,7.54,7.74,7.87
2010-09-09 00:00:00,3.39,3.88,4.30,4.68,5.78,6.45,7.11,7.39,7.57,7.73
2010-09-10 00:00:00,3.50,3.96,4.36,4.72,5.83,6.53,7.30,7.65,7.90,8.06
2010-09-02 00:00:00,3.38,3.86,4.28,4.66,5.78,6.47,7.13,7.37,7.49,7.58
2010-09-13 00:00:00,3.50,3.98,4.40,4.78,5.92,6.62,7.36,7.69,7.94,8.11
2010-09-03 00:00:00,3.36,3.85,4.28,4.66,5.78,6.45,7.11,7.36,7.50,7.60
2010-09-20 00:00:00,3.49,3.92,4.31,4.67,5.75,6.46,7.22,7.58,7.85,8.02
2010-09-21 00:00:00,3.50,3.93,4.32,4.68,5.77,6.51,7.34,7.76,8.07,8.25
2010-09-22 00:00:00,3.51,3.98,4.40,4.78,5.94,6.68,7.50,7.89,8.17,8.30
2010-09-24 00:00:00,3.44,3.90,4.31,4.67,5.81,6.55,7.37,7.77,8.05,8.19
2010-09-15 00:00:00,3.62,4.13,4.58,4.97,6.14,6.84,7.53,7.81,7.99,8.08
2010-09-16 00:00:00,3.50,3.98,4.41,4.79,5.93,6.64,7.38,7.71,7.95,8.09
2010-09-23 00:00:00,3.47,3.91,4.31,4.67,5.81,6.56,7.43,7.86,8.16,8.31
2010-09-27 00:00:00,3.58,4.00,4.39,4.74,5.84,6.58,7.41,7.82,8.10,8.23
2010-09-30 00:00:00,3.56,3.96,4.33,4.66,5.72,6.45,7.28,7.70,8.00,8.16
2010-10-01 00:00:00,3.48,3.89,4.26,4.60,5.68,6.40,7.17,7.48,7.61,7.67
2010-10-04 00:00:00,3.41,3.84,4.24,4.59,5.71,6.44,7.19,7.47,7.58,7.62
2010-10-05 00:00:00,3.36,3.80,4.20,4.55,5.65,6.38,7.17,7.49,7.63,7.66
2010-10-07 00:00:00,3.43,3.85,4.22,4.56,5.61,6.32,7.11,7.44,7.60,7.67
2010-09-14 00:00:00,3.46,3.91,4.31,4.68,5.79,6.50,7.23,7.51,7.68,7.78
2010-10-08 00:00:00,3.39,3.81,4.19,4.54,5.61,6.33,7.11,7.43,7.59,7.65
2010-09-17 00:00:00,3.60,4.05,4.45,4.82,5.93,6.65,7.44,7.81,8.10,8.28
2010-10-11 00:00:00,3.41,3.85,4.24,4.59,5.69,6.40,7.16,7.46,7.61,7.68
2010-10-13 00:00:00,3.42,3.85,4.24,4.58,5.63,6.32,7.09,7.42,7.59,7.64
2010-10-12 00:00:00,3.38,3.81,4.19,4.54,5.60,6.31,7.10,7.44,7.61,7.66
2010-10-14 00:00:00,3.41,3.83,4.21,4.55,5.60,6.29,7.05,7.40,7.59,7.65
2010-10-18 00:00:00,3.50,3.91,4.27,4.60,5.64,6.34,7.13,7.48,7.68,7.76
2010-10-19 00:00:00,3.57,3.98,4.34,4.67,5.70,6.40,7.19,7.55,7.74,7.81
2010-10-15 00:00:00,3.48,3.88,4.24,4.57,5.60,6.29,7.07,7.40,7.57,7.65
2010-10-20 00:00:00,3.55,3.94,4.30,4.62,5.63,6.32,7.10,7.47,7.68,7.77
2010-10-21 00:00:00,3.60,3.99,4.34,4.66,5.64,6.31,7.10,7.47,7.69,7.78
2010-09-29 00:00:00,3.56,4.00,4.40,4.75,5.87,6.61,7.43,7.82,8.07,8.17
2010-10-26 00:00:00,3.67,4.03,4.36,4.66,5.61,6.28,7.10,7.51,7.75,7.85
2010-10-27 00:00:00,3.64,4.02,4.36,4.67,5.67,6.36,7.19,7.57,7.77,7.84
2010-10-28 00:00:00,3.55,3.94,4.31,4.64,5.69,6.39,7.16,7.46,7.59,7.65
2010-10-06 00:00:00,3.35,3.82,4.23,4.60,5.72,6.43,7.16,7.45,7.57,7.61
2010-10-25 00:00:00,3.65,4.03,4.38,4.69,5.66,6.32,7.12,7.51,7.73,7.82
2010-10-29 00:00:00,3.63,4.05,4.42,4.75,5.78,6.45,7.19,7.50,7.66,7.72
2010-11-02 00:00:00,3.54,3.99,4.39,4.75,5.83,6.50,7.18,7.43,7.53,7.55
2010-11-01 00:00:00,3.70,4.11,4.48,4.81,5.83,6.50,7.25,7.57,7.74,7.79
2010-11-03 00:00:00,3.63,4.07,4.46,4.80,5.84,6.51,7.22,7.51,7.64,7.68
2010-11-09 00:00:00,3.70,4.11,4.47,4.80,5.79,6.45,7.19,7.52,7.70,7.75
2010-11-10 00:00:00,3.76,4.16,4.52,4.84,5.81,6.45,7.18,7.51,7.70,7.77
2010-11-11 00:00:00,3.82,4.22,4.58,4.89,5.85,6.48,7.19,7.52,7.71,7.77
2010-11-13 00:00:00,3.93,4.32,4.66,4.97,5.92,6.55,7.24,7.54,7.73,7.82
2010-11-12 00:00:00,3.89,4.26,4.60,4.90,5.84,6.48,7.20,7.53,7.71,7.81
2010-11-15 00:00:00,3.96,4.34,4.68,4.98,5.92,6.55,7.28,7.62,7.81,7.88
2010-10-22 00:00:00,3.66,4.04,4.39,4.70,5.68,6.35,7.14,7.52,7.74,7.82
2010-11-16 00:00:00,3.87,4.29,4.66,4.99,5.99,6.65,7.35,7.64,7.77,7.80
2010-11-08 00:00:00,3.61,4.03,4.40,4.73,5.74,6.40,7.14,7.47,7.65,7.71
2010-11-19 00:00:00,3.82,4.22,4.58,4.91,5.93,6.60,7.32,7.64,7.81,7.88
2010-09-28 00:00:00,3.56,3.98,4.37,4.72,5.84,6.59,7.44,7.86,8.14,8.28
2010-11-23 00:00:00,3.95,4.33,4.67,4.97,5.91,6.56,7.34,7.70,7.89,7.95
2010-11-24 00:00:00,3.98,4.38,4.75,5.07,6.03,6.65,7.34,7.66,7.83,7.89
2010-11-18 00:00:00,3.97,4.37,4.72,5.04,5.99,6.61,7.32,7.64,7.81,7.88
2010-11-25 00:00:00,3.93,4.36,4.73,5.06,6.06,6.70,7.38,7.67,7.83,7.88
2010-11-26 00:00:00,3.96,4.39,4.78,5.12,6.13,6.76,7.42,7.69,7.82,7.87
2010-11-29 00:00:00,4.04,4.45,4.81,5.14,6.13,6.75,7.43,7.74,7.94,8.05
2010-12-01 00:00:00,4.14,4.54,4.89,5.21,6.15,6.75,7.43,7.75,7.95,8.04
2010-12-03 00:00:00,4.15,4.53,4.87,5.18,6.09,6.68,7.34,7.66,7.89,8.01
2010-12-02 00:00:00,4.15,4.56,4.91,5.23,6.16,6.73,7.37,7.67,7.89,8.02
2010-11-17 00:00:00,3.97,4.38,4.74,5.07,6.06,6.71,7.40,7.69,7.84,7.89
2010-12-08 00:00:00,4.23,4.58,4.90,5.18,6.07,6.64,7.26,7.55,7.78,7.94
2010-11-22 00:00:00,3.96,4.36,4.72,5.03,6.00,6.64,7.34,7.65,7.83,7.89
2010-12-06 00:00:00,4.20,4.57,4.90,5.19,6.08,6.65,7.32,7.66,7.90,8.04
2010-12-07 00:00:00,4.16,4.52,4.84,5.13,6.02,6.59,7.24,7.55,7.76,7.91
2010-12-13 00:00:00,4.32,4.69,5.04,5.34,6.27,6.84,7.46,7.77,8.02,8.18
2010-12-14 00:00:00,4.32,4.70,5.05,5.36,6.30,6.89,7.52,7.81,8.03,8.17
2010-12-15 00:00:00,4.33,4.72,5.06,5.38,6.31,6.90,7.53,7.83,8.07,8.21
2010-12-16 00:00:00,4.16,4.58,4.96,5.29,6.27,6.86,7.47,7.72,7.91,8.03
2010-12-09 00:00:00,4.34,4.67,4.98,5.25,6.10,6.66,7.28,7.58,7.84,8.03
2010-12-10 00:00:00,4.50,4.80,5.08,5.32,6.10,6.64,7.29,7.65,7.96,8.17
2010-12-20 00:00:00,4.05,4.47,4.84,5.18,6.20,6.84,7.50,7.79,7.97,8.07
2010-12-21 00:00:00,4.09,4.54,4.93,5.28,6.32,6.95,7.56,7.81,7.99,8.09
2010-12-22 00:00:00,4.01,4.46,4.86,5.21,6.27,6.91,7.55,7.83,8.01,8.12
2010-12-24 00:00:00,4.13,4.57,4.95,5.29,6.31,6.95,7.60,7.85,7.99,8.07
2010-12-23 00:00:00,4.24,4.71,5.11,5.46,6.45,7.03,7.61,7.86,8.03,8.12
2010-11-30 00:00:00,4.23,4.66,5.03,5.36,6.32,6.89,7.44,7.65,7.80,7.92
2010-12-28 00:00:00,3.98,4.45,4.86,5.22,6.25,6.85,7.44,7.72,7.96,8.15
2010-12-30 00:00:00,4.06,4.54,4.96,5.33,6.36,6.96,7.49,7.67,7.82,7.96
2010-12-17 00:00:00,4.03,4.48,4.88,5.24,6.27,6.88,7.48,7.73,7.90,8.01
2010-12-29 00:00:00,3.92,4.39,4.79,5.16,6.21,6.85,7.45,7.67,7.81,7.93
2010-12-27 00:00:00,4.18,4.63,5.02,5.36,6.33,6.90,7.46,7.71,7.91,8.07
2011-01-11 00:00:00,4.06,4.58,5.03,5.41,6.47,7.05,7.52,7.66,7.74,7.86
2011-01-14 00:00:00,4.07,4.58,5.03,5.41,6.49,7.09,7.59,7.74,7.82,7.92
2011-01-13 00:00:00,4.02,4.48,4.88,5.24,6.28,6.91,7.49,7.69,7.80,7.92
2011-01-12 00:00:00,4.00,4.49,4.91,5.28,6.33,6.93,7.47,7.64,7.74,7.87
2011-01-20 00:00:00,3.83,4.34,4.78,5.16,6.27,6.91,7.50,7.71,7.82,7.92
2011-01-17 00:00:00,3.91,4.40,4.84,5.22,6.33,6.97,7.55,7.73,7.83,7.93
2011-01-19 00:00:00,3.88,4.36,4.78,5.15,6.23,6.88,7.49,7.71,7.84,7.95
2011-01-18 00:00:00,3.87,4.36,4.79,5.16,6.25,6.89,7.48,7.69,7.81,7.93
2011-01-24 00:00:00,3.82,4.32,4.76,5.15,6.26,6.91,7.49,7.68,7.78,7.90
2011-01-26 00:00:00,3.84,4.39,4.86,5.26,6.39,7.02,7.56,7.73,7.83,7.94
2011-01-21 00:00:00,3.79,4.31,4.76,5.15,6.29,6.95,7.53,7.72,7.81,7.91
2011-01-31 00:00:00,3.90,4.42,4.87,5.27,6.38,7.02,7.59,7.79,7.90,8.02
2011-02-01 00:00:00,3.81,4.37,4.85,5.27,6.45,7.10,7.68,7.88,8.01,8.10
2011-01-28 00:00:00,3.99,4.48,4.91,5.28,6.38,7.04,7.68,7.97,8.19,8.38
2011-02-03 00:00:00,3.73,4.24,4.69,5.08,6.19,6.83,7.44,7.68,7.83,7.96
2011-02-04 00:00:00,3.75,4.30,4.78,5.20,6.37,7.03,7.61,7.80,7.90,7.98
2011-01-25 00:00:00,3.83,4.37,4.84,5.24,6.38,7.01,7.56,7.74,7.83,7.93
2011-02-02 00:00:00,3.82,4.37,4.86,5.27,6.45,7.11,7.73,8.00,8.19,8.31
2011-02-07 00:00:00,3.78,4.33,4.80,5.21,6.37,7.04,7.65,7.87,8.00,8.08
2011-02-11 00:00:00,3.69,4.23,4.70,5.11,6.30,6.97,7.57,7.78,7.89,7.99
2011-02-10 00:00:00,3.75,4.30,4.78,5.19,6.34,6.98,7.57,7.79,7.93,8.03
2011-02-08 00:00:00,3.76,4.30,4.78,5.18,6.32,6.97,7.53,7.73,7.84,7.95
2011-02-14 00:00:00,3.63,4.16,4.63,5.04,6.22,6.91,7.55,7.79,7.93,8.02
2011-02-15 00:00:00,3.65,4.20,4.68,5.09,6.26,6.92,7.48,7.66,7.76,7.87
2011-02-16 00:00:00,3.73,4.30,4.78,5.20,6.39,7.05,7.66,7.89,8.03,8.14
2011-02-18 00:00:00,3.69,4.20,4.65,5.04,6.20,6.88,7.51,7.75,7.90,8.01
2011-02-17 00:00:00,3.58,4.10,4.57,4.98,6.18,6.88,7.55,7.82,7.98,8.10
2011-02-21 00:00:00,3.66,4.19,4.66,5.06,6.21,6.87,7.46,7.67,7.80,7.92
2011-02-22 00:00:00,3.62,4.16,4.64,5.05,6.25,6.94,7.57,7.79,7.91,8.01
2011-02-24 00:00:00,3.75,4.29,4.77,5.18,6.36,7.06,7.74,8.03,8.23,8.36
2011-02-28 00:00:00,3.83,4.38,4.85,5.26,6.42,7.09,7.74,8.03,8.25,8.40
2011-03-02 00:00:00,3.78,4.30,4.74,5.13,6.26,6.94,7.61,7.89,8.05,8.16
2011-03-03 00:00:00,3.79,4.32,4.78,5.18,6.33,7.00,7.67,7.94,8.11,8.20
2011-02-25 00:00:00,3.75,4.30,4.78,5.19,6.36,7.03,7.66,7.94,8.14,8.28
2011-03-04 00:00:00,3.76,4.29,4.75,5.16,6.31,6.99,7.66,7.95,8.14,8.24
2011-03-05 00:00:00,3.77,4.31,4.79,5.20,6.37,7.04,7.68,7.94,8.12,8.23
2011-03-01 00:00:00,3.75,4.26,4.71,5.09,6.22,6.90,7.59,7.87,8.05,8.16
2011-03-10 00:00:00,3.79,4.30,4.76,5.15,6.30,6.98,7.66,7.95,8.12,8.24
2011-03-09 00:00:00,3.78,4.29,4.73,5.12,6.24,6.92,7.60,7.89,8.07,8.16
2011-03-11 00:00:00,3.81,4.33,4.78,5.17,6.31,6.99,7.66,7.94,8.12,8.23
2011-02-09 00:00:00,3.70,4.25,4.73,5.14,6.31,6.96,7.54,7.75,7.87,7.97
2011-01-27 00:00:00,3.97,4.47,4.91,5.29,6.39,7.03,7.65,7.91,8.13,8.32
2011-03-14 00:00:00,3.81,4.33,4.78,5.17,6.31,6.99,7.67,7.94,8.12,8.24
2011-03-16 00:00:00,3.74,4.22,4.65,5.03,6.15,6.85,7.57,7.87,8.06,8.21
2011-03-18 00:00:00,3.61,4.10,4.53,4.92,6.07,6.79,7.53,7.86,8.08,8.23
2011-03-21 00:00:00,3.68,4.16,4.60,4.98,6.13,6.85,7.61,7.94,8.14,8.26
2011-03-15 00:00:00,3.80,4.30,4.73,5.12,6.25,6.94,7.65,7.93,8.10,8.20
2011-03-23 00:00:00,3.57,4.10,4.56,4.97,6.18,6.93,7.67,7.97,8.15,8.24
2011-03-28 00:00:00,3.39,3.95,4.45,4.89,6.13,6.87,7.60,7.91,8.11,8.21
2011-03-25 00:00:00,3.43,3.95,4.40,4.80,5.99,6.74,7.53,7.86,8.05,8.15
2011-03-29 00:00:00,3.42,3.98,4.47,4.89,6.12,6.86,7.61,7.93,8.12,8.21
2011-04-01 00:00:00,3.49,3.99,4.42,4.81,5.99,6.74,7.51,7.83,7.99,8.10
2011-04-05 00:00:00,3.33,3.79,4.21,4.59,5.77,6.55,7.41,7.77,7.97,8.08
2011-04-06 00:00:00,3.29,3.77,4.19,4.58,5.78,6.56,7.40,7.76,7.96,8.07
2011-03-22 00:00:00,3.56,4.05,4.49,4.88,6.06,6.80,7.58,7.92,8.13,8.24
2011-04-04 00:00:00,3.39,3.86,4.29,4.67,5.86,6.63,7.46,7.82,8.02,8.13
2011-04-07 00:00:00,3.38,3.84,4.25,4.63,5.78,6.56,7.42,7.80,8.00,8.11
2011-03-17 00:00:00,3.72,4.19,4.61,4.98,6.11,6.81,7.56,7.89,8.11,8.26
2011-04-08 00:00:00,3.33,3.77,4.17,4.54,5.68,6.45,7.32,7.73,7.99,8.15
2011-03-31 00:00:00,3.48,4.02,4.50,4.92,6.14,6.88,7.63,7.93,8.09,8.18
2011-04-12 00:00:00,3.34,3.80,4.21,4.59,5.76,6.55,7.44,7.86,8.12,8.27
2011-04-13 00:00:00,3.26,3.76,4.21,4.62,5.86,6.64,7.49,7.87,8.10,8.23
2011-04-14 00:00:00,3.27,3.77,4.21,4.62,5.85,6.65,7.51,7.90,8.13,8.26
2011-04-19 00:00:00,3.40,3.90,4.34,4.73,5.92,6.70,7.57,7.98,8.23,8.36
2011-04-20 00:00:00,3.47,3.93,4.34,4.72,5.88,6.64,7.51,7.93,8.21,8.37
2011-04-21 00:00:00,3.00,3.43,3.83,4.20,5.44,6.28,7.30,7.82,8.17,8.38
2011-04-15 00:00:00,3.24,3.74,4.19,4.59,5.80,6.59,7.46,7.87,8.13,8.28
2011-04-11 00:00:00,3.35,3.79,4.19,4.56,5.71,6.49,7.40,7.84,8.11,8.25
2011-04-26 00:00:00,2.96,3.51,4.00,4.44,5.78,6.62,7.51,7.90,8.14,8.25
2011-04-27 00:00:00,2.86,3.39,3.87,4.30,5.64,6.51,7.47,7.91,8.18,8.30
2011-04-18 00:00:00,3.33,3.82,4.25,4.64,5.83,6.62,7.50,7.90,8.13,8.26
2011-04-22 00:00:00,3.14,3.62,4.06,4.46,5.71,6.53,7.46,7.89,8.17,8.32
2011-04-25 00:00:00,3.10,3.62,4.08,4.50,5.76,6.58,7.46,7.87,8.13,8.28
2011-04-28 00:00:00,3.06,3.59,4.07,4.49,5.79,6.62,7.51,7.92,8.17,8.30
2011-04-29 00:00:00,2.97,3.52,4.01,4.45,5.77,6.59,7.46,7.84,8.08,8.21
2011-05-03 00:00:00,3.10,3.63,4.11,4.53,5.83,6.67,7.56,7.96,8.20,8.30
2011-05-04 00:00:00,3.12,3.60,4.04,4.44,5.70,6.53,7.46,7.88,8.14,8.26
2011-05-05 00:00:00,3.47,3.95,4.39,4.77,5.94,6.71,7.56,7.95,8.19,8.29
2011-05-06 00:00:00,3.35,3.86,4.32,4.73,5.99,6.78,7.62,7.98,8.19,8.26
2011-05-12 00:00:00,3.41,3.92,4.38,4.80,6.04,6.82,7.65,8.01,8.22,8.32
2011-05-13 00:00:00,3.32,3.82,4.27,4.68,5.93,6.74,7.60,7.98,8.19,8.26
2011-05-11 00:00:00,3.41,3.90,4.35,4.75,5.98,6.76,7.60,7.97,8.18,8.25
2011-05-16 00:00:00,3.54,4.00,4.41,4.79,5.98,6.77,7.65,8.04,8.27,8.38
2011-05-10 00:00:00,3.38,3.89,4.34,4.75,5.99,6.77,7.60,7.95,8.16,8.23
2011-05-17 00:00:00,3.60,4.07,4.48,4.86,6.03,6.81,7.67,8.06,8.29,8.40
2011-05-18 00:00:00,3.62,4.08,4.50,4.88,6.05,6.82,7.65,8.02,8.23,8.29
2011-03-24 00:00:00,3.46,4.00,4.48,4.90,6.13,6.87,7.61,7.92,8.12,8.23
2011-05-23 00:00:00,3.57,4.05,4.49,4.88,6.06,6.81,7.59,7.91,8.10,8.19
2011-05-25 00:00:00,3.78,4.20,4.57,4.92,6.04,6.80,7.67,8.07,8.31,8.38
2011-05-20 00:00:00,3.55,4.01,4.44,4.82,5.99,6.74,7.53,7.86,8.07,8.20
2011-05-19 00:00:00,3.69,4.16,4.57,4.95,6.10,6.85,7.66,8.02,8.22,8.29
2011-05-24 00:00:00,3.56,4.05,4.49,4.89,6.10,6.87,7.70,8.06,8.26,8.32
2011-05-30 00:00:00,3.58,4.02,4.43,4.80,5.98,6.77,7.64,8.04,8.27,8.34
2011-05-26 00:00:00,3.65,4.09,4.50,4.87,6.04,6.81,7.66,8.04,8.26,8.33
2011-06-01 00:00:00,3.56,4.00,4.39,4.76,5.93,6.72,7.62,8.04,8.29,8.38
2011-05-31 00:00:00,3.66,4.09,4.48,4.84,5.98,6.76,7.63,8.03,8.26,8.33
2011-06-06 00:00:00,3.71,4.16,4.56,4.92,6.05,6.80,7.67,8.07,8.31,8.39
2011-05-27 00:00:00,3.60,4.10,4.55,4.95,6.19,6.95,7.73,8.05,8.22,8.27
2011-06-07 00:00:00,3.77,4.18,4.55,4.89,5.98,6.76,7.67,8.10,8.35,8.42
2011-06-08 00:00:00,3.73,4.14,4.52,4.87,5.96,6.73,7.63,8.06,8.31,8.40
2011-06-09 00:00:00,3.72,4.13,4.50,4.83,5.92,6.69,7.60,8.02,8.26,8.32
2011-06-10 00:00:00,3.95,4.32,4.65,4.95,5.97,6.71,7.61,8.05,8.32,8.41
2011-06-15 00:00:00,3.93,4.30,4.63,4.94,5.96,6.70,7.61,8.07,8.35,8.43
2011-06-03 00:00:00,3.58,4.06,4.49,4.87,6.06,6.83,7.68,8.06,8.28,8.36
2011-06-02 00:00:00,3.54,4.02,4.45,4.84,6.06,6.85,7.71,8.09,8.29,8.37
2011-06-17 00:00:00,3.93,4.31,4.65,4.96,5.99,6.73,7.64,8.08,8.35,8.41
2011-06-21 00:00:00,4.12,4.46,4.77,5.06,6.03,6.75,7.64,8.10,8.37,8.44
2011-06-22 00:00:00,4.04,4.38,4.70,4.99,5.97,6.70,7.61,8.09,8.38,8.47
2011-06-23 00:00:00,4.00,4.34,4.66,4.95,5.94,6.68,7.61,8.09,8.39,8.48
2011-06-14 00:00:00,4.03,4.36,4.66,4.95,5.93,6.66,7.59,8.07,8.37,8.46
2011-06-16 00:00:00,3.97,4.34,4.68,5.00,6.03,6.78,7.69,8.14,8.41,8.46
2011-06-28 00:00:00,4.11,4.43,4.73,5.01,5.96,6.68,7.60,8.09,8.41,8.51
2011-06-29 00:00:00,3.99,4.33,4.65,4.94,5.93,6.67,7.61,8.09,8.40,8.50
2011-06-27 00:00:00,4.08,4.42,4.74,5.04,6.04,6.77,7.69,8.15,8.43,8.51
2011-06-30 00:00:00,3.95,4.28,4.59,4.87,5.84,6.57,7.53,8.05,8.39,8.52
2011-07-01 00:00:00,3.87,4.21,4.53,4.82,5.81,6.59,7.59,8.10,8.39,8.45
2011-03-30 00:00:00,3.43,3.95,4.41,4.82,6.03,6.78,7.57,7.90,8.10,8.20
2011-07-04 00:00:00,3.78,4.12,4.43,4.73,5.74,6.55,7.60,8.11,8.38,8.45
2011-07-06 00:00:00,3.71,4.06,4.38,4.68,5.68,6.46,7.48,8.00,8.28,8.34
2011-07-08 00:00:00,3.80,4.13,4.44,4.73,5.69,6.43,7.40,7.90,8.20,8.32
2011-07-12 00:00:00,3.78,4.14,4.47,4.78,5.79,6.55,7.50,7.96,8.22,8.28
2011-07-13 00:00:00,3.79,4.15,4.48,4.78,5.78,6.54,7.49,7.95,8.20,8.26
2011-07-11 00:00:00,3.74,4.09,4.41,4.71,5.71,6.49,7.48,7.96,8.23,8.29
2011-07-14 00:00:00,3.77,4.12,4.45,4.75,5.75,6.50,7.46,7.94,8.20,8.26
2011-07-15 00:00:00,3.84,4.20,4.52,4.82,5.81,6.56,7.50,7.96,8.22,8.30
2011-07-18 00:00:00,3.83,4.17,4.50,4.79,5.77,6.49,7.39,7.86,8.15,8.27
2011-07-07 00:00:00,3.74,4.09,4.40,4.69,5.67,6.43,7.42,7.93,8.22,8.30
2011-07-20 00:00:00,3.82,4.18,4.50,4.80,5.78,6.51,7.42,7.87,8.13,8.20
2011-07-19 00:00:00,3.81,4.16,4.48,4.78,5.75,6.46,7.36,7.82,8.13,8.25
2011-06-24 00:00:00,4.11,4.44,4.75,5.03,6.01,6.73,7.65,8.12,8.42,8.51
2011-07-25 00:00:00,3.83,4.18,4.50,4.80,5.78,6.53,7.46,7.90,8.13,8.18
2011-07-26 00:00:00,3.88,4.21,4.52,4.80,5.74,6.45,7.35,7.80,8.07,8.18
2011-07-27 00:00:00,3.87,4.21,4.52,4.80,5.76,6.48,7.39,7.82,8.04,8.09
2011-07-22 00:00:00,3.83,4.18,4.49,4.79,5.77,6.50,7.42,7.87,8.11,8.18
2011-07-28 00:00:00,3.94,4.28,4.59,4.87,5.80,6.50,7.37,7.81,8.07,8.17
2011-07-29 00:00:00,3.95,4.28,4.59,4.87,5.79,6.48,7.34,7.76,8.01,8.11
2011-08-01 00:00:00,3.97,4.29,4.58,4.85,5.74,6.41,7.27,7.70,7.98,8.09
2011-08-04 00:00:00,4.00,4.33,4.64,4.91,5.82,6.50,7.32,7.70,7.88,7.91
2011-08-05 00:00:00,4.09,4.40,4.69,4.96,5.88,6.57,7.43,7.82,8.02,8.06
2011-07-21 00:00:00,3.81,4.17,4.50,4.80,5.80,6.54,7.45,7.89,8.11,8.16
2011-08-08 00:00:00,4.11,4.45,4.77,5.06,6.03,6.75,7.60,7.95,8.10,8.10
2011-08-02 00:00:00,3.94,4.27,4.56,4.83,5.73,6.42,7.28,7.69,7.89,7.93
2011-08-11 00:00:00,4.26,4.68,5.04,5.37,6.39,7.09,7.83,8.09,8.15,8.12
2011-06-20 00:00:00,3.96,4.32,4.65,4.96,5.98,6.72,7.64,8.11,8.38,8.44
2011-08-10 00:00:00,3.90,4.33,4.73,5.08,6.19,6.92,7.69,7.98,8.09,8.10
2011-08-12 00:00:00,4.42,4.79,5.11,5.41,6.34,7.00,7.76,8.07,8.21,8.22
2011-08-16 00:00:00,4.16,4.58,4.95,5.29,6.32,6.99,7.71,7.99,8.11,8.14
2011-08-17 00:00:00,4.10,4.51,4.89,5.22,6.24,6.93,7.67,7.98,8.15,8.20
2011-08-15 00:00:00,4.11,4.52,4.88,5.22,6.25,6.94,7.70,8.00,8.11,8.12
2011-08-18 00:00:00,4.11,4.52,4.88,5.21,6.21,6.89,7.63,7.96,8.13,8.20
2011-08-19 00:00:00,4.04,4.49,4.89,5.24,6.32,7.03,7.78,8.06,8.17,8.16
2011-08-03 00:00:00,4.05,4.38,4.67,4.94,5.83,6.51,7.35,7.74,7.92,7.95
2011-08-23 00:00:00,4.14,4.59,4.98,5.33,6.38,7.06,7.76,8.01,8.09,8.09
2011-08-24 00:00:00,4.13,4.59,4.99,5.34,6.40,7.08,7.77,8.03,8.13,8.14
2011-08-22 00:00:00,4.23,4.61,4.95,5.25,6.22,6.92,7.70,8.02,8.12,8.11
2011-08-25 00:00:00,4.16,4.61,5.01,5.36,6.44,7.13,7.83,8.07,8.15,8.13
2011-08-29 00:00:00,4.58,4.92,5.22,5.48,6.34,6.98,7.74,8.09,8.26,8.28
2011-08-30 00:00:00,4.56,4.90,5.20,5.47,6.33,6.96,7.69,7.98,8.08,8.06
2011-08-31 00:00:00,4.50,4.84,5.14,5.41,6.27,6.89,7.64,7.99,8.17,8.21
2011-09-01 00:00:00,4.48,4.83,5.15,5.43,6.33,6.98,7.71,8.01,8.13,8.13
2011-09-05 00:00:00,4.53,4.85,5.13,5.39,6.24,6.90,7.70,8.07,8.23,8.24
2011-09-06 00:00:00,4.61,4.93,5.21,5.47,6.32,6.97,7.77,8.11,8.24,8.23
2011-09-07 00:00:00,4.69,4.99,5.25,5.50,6.33,6.98,7.80,8.17,8.33,8.33
2011-09-09 00:00:00,4.72,5.02,5.29,5.54,6.35,6.98,7.75,8.10,8.24,8.24
2011-09-08 00:00:00,4.72,5.03,5.30,5.55,6.38,7.01,7.78,8.12,8.26,8.25
2011-09-12 00:00:00,4.80,5.09,5.36,5.61,6.43,7.06,7.85,8.21,8.37,8.36
2011-09-13 00:00:00,4.82,5.10,5.35,5.59,6.37,6.99,7.78,8.17,8.38,8.41
2011-08-26 00:00:00,4.42,4.80,5.12,5.42,6.35,7.03,7.80,8.11,8.20,8.19
2011-09-02 00:00:00,4.47,4.83,5.15,5.44,6.34,6.98,7.70,8.01,8.14,8.14
2011-09-14 00:00:00,4.98,5.25,5.49,5.71,6.44,7.04,7.81,8.18,8.35,8.36
2011-09-15 00:00:00,5.00,5.31,5.58,5.83,6.62,7.22,7.95,8.28,8.41,8.38
2011-09-16 00:00:00,4.92,5.25,5.55,5.82,6.66,7.27,7.98,8.26,8.34,8.28
2011-09-19 00:00:00,5.02,5.40,5.74,6.03,6.93,7.53,8.15,8.33,8.31,8.21
2011-09-20 00:00:00,5.27,5.59,5.87,6.12,6.92,7.52,8.18,8.39,8.38,8.28
2011-09-22 00:00:00,5.22,5.61,5.94,6.24,7.11,7.68,8.21,8.34,8.30,8.20
2011-08-09 00:00:00,4.27,4.64,4.98,5.30,6.32,7.07,7.90,8.23,8.33,8.27
2011-09-23 00:00:00,5.29,5.70,6.06,6.37,7.31,7.88,8.32,8.38,8.30,8.19
2011-09-21 00:00:00,4.90,5.30,5.65,5.96,6.88,7.49,8.10,8.29,8.28,8.19
2011-09-26 00:00:00,5.39,5.82,6.19,6.52,7.46,7.98,8.35,8.35,8.24,8.13
2011-09-28 00:00:00,5.28,5.57,5.84,6.08,6.86,7.40,7.99,8.25,8.39,8.41
2011-09-30 00:00:00,5.38,5.70,5.98,6.24,7.03,7.62,8.29,8.55,8.62,8.54
2011-10-04 00:00:00,5.46,5.97,6.40,6.76,7.74,8.29,8.74,8.84,8.78,8.66
2011-10-03 00:00:00,5.39,6.00,6.49,6.90,7.87,8.28,8.46,8.43,8.36,8.28
2011-10-06 00:00:00,5.27,5.81,6.26,6.64,7.64,8.17,8.58,8.66,8.64,8.58
2011-10-05 00:00:00,5.31,5.88,6.35,6.74,7.76,8.28,8.64,8.70,8.67,8.59
2011-10-07 00:00:00,4.99,5.59,6.09,6.51,7.61,8.17,8.58,8.68,8.67,8.60
2011-10-11 00:00:00,4.74,5.58,6.24,6.74,7.81,8.17,8.35,8.43,8.54,8.57
2011-10-12 00:00:00,4.44,5.21,5.85,6.35,7.57,8.08,8.42,8.52,8.57,8.56
2011-09-29 00:00:00,5.49,5.77,6.03,6.27,7.06,7.63,8.27,8.54,8.68,8.66
2011-10-17 00:00:00,4.52,5.35,5.99,6.50,7.66,8.13,8.44,8.56,8.66,8.69
2011-10-14 00:00:00,4.44,5.31,5.99,6.53,7.72,8.19,8.47,8.54,8.59,8.59
2011-10-18 00:00:00,4.63,5.43,6.05,6.55,7.70,8.19,8.53,8.65,8.72,8.74
2011-10-13 00:00:00,4.14,4.90,5.52,6.03,7.33,7.95,8.40,8.52,8.56,8.54
2011-10-20 00:00:00,4.60,5.32,5.90,6.38,7.58,8.14,8.53,8.62,8.64,8.63
2011-10-21 00:00:00,4.63,5.33,5.90,6.36,7.49,8.06,8.49,8.61,8.62,8.60
2011-10-24 00:00:00,4.66,5.34,5.90,6.35,7.48,8.04,8.46,8.57,8.59,8.58
2011-10-25 00:00:00,4.67,5.36,5.93,6.40,7.58,8.13,8.50,8.58,8.60,8.59
2011-10-26 00:00:00,4.68,5.34,5.88,6.33,7.45,7.99,8.35,8.43,8.45,8.46
2011-10-27 00:00:00,4.56,5.22,5.76,6.20,7.27,7.76,8.10,8.20,8.25,8.27
2011-10-28 00:00:00,4.66,5.28,5.77,6.18,7.19,7.67,8.05,8.20,8.29,8.33
2011-10-19 00:00:00,4.57,5.26,5.82,6.28,7.44,8.01,8.44,8.57,8.61,8.62
2011-10-31 00:00:00,4.90,5.37,5.77,6.12,7.07,7.63,8.15,8.32,8.38,8.38
2011-11-01 00:00:00,5.03,5.54,5.97,6.33,7.30,7.84,8.30,8.43,8.45,8.42
2011-11-02 00:00:00,5.05,5.55,5.98,6.33,7.30,7.83,8.27,8.39,8.41,8.38
2011-09-27 00:00:00,5.56,5.91,6.23,6.51,7.39,7.96,8.54,8.72,8.74,8.64
2011-07-05 00:00:00,3.75,4.11,4.44,4.74,5.77,6.55,7.54,8.02,8.28,8.33
2011-11-08 00:00:00,4.82,5.35,5.79,6.17,7.19,7.74,8.21,8.35,8.41,8.41
2011-10-10 00:00:00,4.88,5.51,6.04,6.47,7.56,8.10,8.51,8.63,8.68,8.66
2011-11-10 00:00:00,5.03,5.48,5.88,6.21,7.19,7.78,8.33,8.49,8.52,8.48
2011-11-11 00:00:00,5.09,5.53,5.90,6.22,7.15,7.75,8.32,8.50,8.53,8.49
2011-11-07 00:00:00,4.83,5.39,5.87,6.27,7.32,7.84,8.25,8.37,8.42,8.40
2011-11-09 00:00:00,4.97,5.44,5.84,6.18,7.14,7.70,8.21,8.37,8.42,8.42
2011-11-15 00:00:00,5.26,5.67,6.03,6.34,7.24,7.80,8.32,8.49,8.53,8.51
2011-11-16 00:00:00,5.32,5.72,6.06,6.36,7.24,7.80,8.33,8.50,8.54,8.51
2011-11-14 00:00:00,5.20,5.60,5.95,6.25,7.15,7.72,8.27,8.44,8.48,8.46
2011-11-03 00:00:00,4.98,5.51,5.95,6.32,7.30,7.83,8.26,8.38,8.39,8.35
2011-11-22 00:00:00,4.72,5.58,6.24,6.74,7.78,8.16,8.38,8.44,8.45,8.44
2011-11-23 00:00:00,4.76,5.52,6.11,6.57,7.65,8.14,8.51,8.62,8.63,8.59
2011-11-24 00:00:00,4.76,5.39,5.91,6.34,7.45,8.02,8.45,8.56,8.57,8.55
2011-11-25 00:00:00,5.03,5.59,6.06,6.45,7.51,8.08,8.51,8.61,8.62,8.61
2011-11-17 00:00:00,5.21,5.65,6.03,6.36,7.30,7.85,8.36,8.53,8.59,8.57
2011-11-28 00:00:00,4.96,5.48,5.92,6.29,7.33,7.91,8.42,8.57,8.61,8.60
2011-11-29 00:00:00,5.28,5.72,6.10,6.43,7.37,7.94,8.47,8.64,8.69,8.68
2011-11-30 00:00:00,5.27,5.66,6.00,6.29,7.18,7.76,8.34,8.55,8.61,8.61
2011-12-01 00:00:00,5.02,5.54,5.98,6.35,7.34,7.87,8.28,8.39,8.43,8.43
2011-11-21 00:00:00,4.64,5.41,6.03,6.52,7.69,8.17,8.47,8.51,8.49,8.43
2011-12-05 00:00:00,4.82,5.28,5.68,6.03,7.04,7.63,8.18,8.37,8.44,8.44
2011-12-06 00:00:00,5.08,5.56,5.97,6.31,7.24,7.75,8.15,8.27,8.32,8.34
2011-12-07 00:00:00,4.98,5.52,5.97,6.34,7.29,7.76,8.11,8.21,8.25,8.26
2011-12-08 00:00:00,5.01,5.61,6.09,6.47,7.40,7.82,8.15,8.27,8.33,8.34
2011-12-09 00:00:00,5.09,5.60,6.01,6.36,7.29,7.79,8.21,8.33,8.36,8.35
2011-12-02 00:00:00,5.08,5.61,6.05,6.42,7.37,7.85,8.23,8.35,8.42,8.44
2011-12-12 00:00:00,5.38,6.00,6.47,6.85,7.70,8.05,8.26,8.32,8.33,8.34
2011-11-18 00:00:00,4.82,5.42,5.94,6.36,7.48,8.03,8.44,8.54,8.56,8.52
2011-12-15 00:00:00,5.89,6.16,6.40,6.62,7.32,7.80,8.33,8.56,8.68,8.70
2011-12-13 00:00:00,5.57,5.94,6.24,6.51,7.28,7.78,8.27,8.45,8.52,8.53
2011-12-14 00:00:00,5.72,6.04,6.32,6.58,7.35,7.84,8.33,8.50,8.58,8.59
2011-12-20 00:00:00,5.81,6.09,6.34,6.57,7.29,7.76,8.23,8.37,8.33,8.21
2011-12-21 00:00:00,5.84,6.14,6.40,6.63,7.36,7.83,8.28,8.40,8.38,8.27
2011-12-22 00:00:00,6.03,6.25,6.47,6.67,7.34,7.83,8.38,8.62,8.72,8.70
2011-12-23 00:00:00,6.04,6.26,6.47,6.66,7.33,7.81,8.35,8.58,8.69,8.69
2011-12-19 00:00:00,6.01,6.25,6.47,6.68,7.36,7.85,8.37,8.57,8.63,8.62
2011-12-16 00:00:00,6.10,6.33,6.54,6.73,7.37,7.82,8.32,8.53,8.63,8.65
2011-12-27 00:00:00,5.91,6.16,6.38,6.60,7.31,7.81,8.36,8.59,8.69,8.69
2011-12-26 00:00:00,6.02,6.24,6.45,6.65,7.33,7.82,8.37,8.60,8.73,8.73
2011-12-29 00:00:00,5.86,6.11,6.34,6.55,7.25,7.74,8.29,8.51,8.59,8.59
2011-12-30 00:00:00,5.70,5.97,6.23,6.47,7.22,7.70,8.18,8.36,8.45,8.47
2012-01-03 00:00:00,5.72,6.00,6.25,6.48,7.24,7.74,8.28,8.49,8.58,8.57
2012-01-04 00:00:00,5.74,6.00,6.23,6.46,7.19,7.70,8.25,8.47,8.57,8.57
2012-01-06 00:00:00,5.77,6.03,6.27,6.49,7.23,7.74,8.29,8.51,8.61,8.60
2012-01-05 00:00:00,5.76,6.02,6.26,6.48,7.23,7.74,8.29,8.51,8.61,8.60
2011-12-28 00:00:00,5.90,6.14,6.36,6.56,7.23,7.69,8.21,8.46,8.62,8.66
